image,cars,buses,trucks,total_vehicles,traffic_level
MVI_20011_img00043_jpg.rf.168ea1cc74d5596f122ecc25e6b3e899.jpg,10,0,0,10,Medium
MVI_20011_img00043_jpg.rf.a5d41664eea78a1f59624001a1cd7a5d.jpg,9,0,0,9,Medium
MVI_20011_img00043_jpg.rf.f384c03cc4660f3708ecff15d683b756.jpg,9,0,0,9,Medium
MVI_20011_img00066_jpg.rf.4b7ebe87967982fc311777e9c61c1c17.jpg,11,0,0,11,Medium
MVI_20011_img00066_jpg.rf.6edef1598f04a410b3b98de09945be42.jpg,10,0,0,10,Medium
MVI_20011_img00066_jpg.rf.eb228c0cba96eec228cf269765ae805d.jpg,9,0,0,9,Medium
MVI_20011_img00067_jpg.rf.4263125913fa0aa78143da5695db7cff.jpg,9,0,0,9,Medium
MVI_20011_img00067_jpg.rf.edb6f6c7417da8c386527882ea60acba.jpg,10,0,0,10,Medium
MVI_20011_img00067_jpg.rf.eea05f0943ba2a324dc9cbc5be8fc8e1.jpg,9,0,1,10,Medium
MVI_20011_img00068_jpg.rf.5f6f8e5f01d70f82b8391aff610cb205.jpg,12,0,1,13,Medium
MVI_20011_img00068_jpg.rf.e4d60f781e7dda40c8aab47a1f77d8f3.jpg,10,0,0,10,Medium
MVI_20011_img00068_jpg.rf.f9511bbc4b5bb1e6e2f106a629f44974.jpg,11,0,0,11,Medium
MVI_20011_img00090_jpg.rf.14075d7b2b3665dab5c203c73a8c830b.jpg,10,1,0,11,Medium
MVI_20011_img00090_jpg.rf.31a487cdfb2928dbecb2705771732510.jpg,11,0,0,11,Medium
MVI_20011_img00090_jpg.rf.97f50d844451d88fa2fa5f80063c49c6.jpg,13,0,0,13,Medium
MVI_20011_img00092_jpg.rf.1c17d01186f910d10d67325cb36cb03b.jpg,11,0,0,11,Medium
MVI_20011_img00092_jpg.rf.3529843594766f3c3aff5919ebde1510.jpg,10,1,0,11,Medium
MVI_20011_img00092_jpg.rf.ed1d30829499d656e2a80b6e612cf7c8.jpg,12,0,0,12,Medium
MVI_20011_img00094_jpg.rf.3bc373ff0cc9953c3dbbb68b61045578.jpg,10,0,0,10,Medium
MVI_20011_img00094_jpg.rf.834611f336aaa0d885e84912e7c13ac1.jpg,10,0,0,10,Medium
MVI_20011_img00094_jpg.rf.cc10f1b2e937b79ff3b66c8206d78da9.jpg,12,0,0,12,Medium
MVI_20011_img00105_jpg.rf.440f5aa8270cd90f9a04c8fd1a0a1b28.jpg,12,0,0,12,Medium
MVI_20011_img00105_jpg.rf.7e645e2ff37a05f1fe23b5ac5ddef658.jpg,13,0,0,13,Medium
MVI_20011_img00105_jpg.rf.88667a15e87db73da4cd118a70f37ce3.jpg,10,0,1,11,Medium
MVI_20011_img00106_jpg.rf.2b30091870fa6140a048d6c4ba36281b.jpg,8,1,1,10,Medium
MVI_20011_img00106_jpg.rf.b01a29ebbbf3bad5040457f8e01e4264.jpg,11,0,0,11,Medium
MVI_20011_img00106_jpg.rf.c89ed18938796f8f4c24487925bdd3cf.jpg,12,0,0,12,Medium
MVI_20011_img00114_jpg.rf.748b4acc6a3ab5663590222c9b422d8d.jpg,13,0,0,13,Medium
MVI_20011_img00114_jpg.rf.7d889cd267e146dc06a987d54f4a707f.jpg,14,0,0,14,High
MVI_20011_img00114_jpg.rf.d1ce4c2014cc7283322b19c656936f2e.jpg,16,0,0,16,High
MVI_20011_img00120_jpg.rf.70f77bb2030f695647e826cb45e69820.jpg,12,0,0,12,Medium
MVI_20011_img00120_jpg.rf.9f14b2bfe7f0bb118424983ae5072e57.jpg,17,0,0,17,High
MVI_20011_img00120_jpg.rf.bfca3d4425bd4f0cc3ae9e75f4033362.jpg,14,0,0,14,High
MVI_20011_img00128_jpg.rf.26f0f825db4dff347d1a0c880bad1fc2.jpg,12,0,0,12,Medium
MVI_20011_img00128_jpg.rf.4e381ee828e13fb0490c846d1884d7dd.jpg,13,0,0,13,Medium
MVI_20011_img00128_jpg.rf.9255f08b1fbf27a3ef8fe0ceb6bc3f72.jpg,15,0,0,15,High
MVI_20011_img00142_jpg.rf.132d2c65098bb354103a02bc5319a5eb.jpg,16,0,0,16,High
MVI_20011_img00142_jpg.rf.8a5ae66c8391634386995c8b2453692d.jpg,12,0,0,12,Medium
MVI_20011_img00142_jpg.rf.c8c5f1c34b53bd39ec94ce44032af24a.jpg,17,0,0,17,High
MVI_20011_img00162_jpg.rf.0338a2738a657e40b740eb6213e2395a.jpg,9,0,1,10,Medium
MVI_20011_img00162_jpg.rf.1a8e22dc8123b102b54b9e125852dee8.jpg,13,0,0,13,Medium
MVI_20011_img00162_jpg.rf.baf4411305b685cde334d75a0d9c9514.jpg,12,0,0,12,Medium
MVI_20011_img00172_jpg.rf.2fe3edac3b51372c9d50dffd5223beec.jpg,10,0,1,11,Medium
MVI_20011_img00172_jpg.rf.3080761848a8dfea2d70475b8f0cb351.jpg,12,0,0,12,Medium
MVI_20011_img00172_jpg.rf.c24ec3eca8bb8a8726e48126ce8425b2.jpg,9,0,0,9,Medium
MVI_20011_img00191_jpg.rf.0e31e56ef8b109ceca00c36bc565c803.jpg,11,0,0,11,Medium
MVI_20011_img00191_jpg.rf.1c0348aa7406f2f8e7483fcea9fcddd9.jpg,10,0,0,10,Medium
MVI_20011_img00191_jpg.rf.1dc4811021af1a47186a8d23d759afb2.jpg,11,0,0,11,Medium
MVI_20011_img00196_jpg.rf.3b39c4e334166e7b775ed860d27795ce.jpg,9,0,0,9,Medium
MVI_20011_img00196_jpg.rf.67e6e0d59d9fe298104305f7151306b6.jpg,7,0,0,7,Low
MVI_20011_img00196_jpg.rf.c8ff07cb12e92e2f26db6360d64ae171.jpg,11,0,0,11,Medium
MVI_20011_img00198_jpg.rf.476c1707b795b8297926cf682cb8b294.jpg,11,0,0,11,Medium
MVI_20011_img00198_jpg.rf.4fc09a7090774c77a784933951d4585b.jpg,8,0,0,8,Medium
MVI_20011_img00198_jpg.rf.6c3bf201123168760446f64a3c577edd.jpg,11,0,1,12,Medium
MVI_20011_img00248_jpg.rf.90617f955ccace0dc7e790b7f1ab4810.jpg,8,2,0,10,Medium
MVI_20011_img00248_jpg.rf.c6526d91ccabdf2eada3437ca9ad7328.jpg,12,1,0,13,Medium
MVI_20011_img00248_jpg.rf.f31c8fc3cc388ba8d702e26aa42dc7ba.jpg,7,0,0,7,Low
MVI_20011_img00272_jpg.rf.0a7239621c277c147089055c6de9795a.jpg,10,1,0,11,Medium
MVI_20011_img00272_jpg.rf.49c19c2972bc8fc0c3c898eee941bedc.jpg,9,1,0,10,Medium
MVI_20011_img00272_jpg.rf.fcfdf5873633b026549ad07d16b1850b.jpg,10,2,0,12,Medium
MVI_20011_img00329_jpg.rf.13d00f4f1d27122f8d3db9e8248981a6.jpg,14,0,0,14,High
MVI_20011_img00329_jpg.rf.1fc42f76cef4b32899a5abf7cf161760.jpg,11,0,0,11,Medium
MVI_20011_img00329_jpg.rf.245092f8adb39e55d263339eedd73e82.jpg,12,0,0,12,Medium
MVI_20011_img00340_jpg.rf.1aeddc241d2017dca6c59f0d8c1fdbbe.jpg,8,0,1,9,Medium
MVI_20011_img00340_jpg.rf.5e1ae3642fe714186c979118b207abc1.jpg,8,0,0,8,Medium
MVI_20011_img00340_jpg.rf.e02af0f21157303dafbe5739e70e8fff.jpg,9,0,0,9,Medium
MVI_20011_img00363_jpg.rf.6348f49afd504e1a0571a290bf485902.jpg,13,0,0,13,Medium
MVI_20011_img00363_jpg.rf.75917ec378fa2b36fc1ed37d5de18c39.jpg,13,0,0,13,Medium
MVI_20011_img00363_jpg.rf.9b0966343ed5d32c1f35bce8d068e1e4.jpg,12,0,0,12,Medium
MVI_20011_img00388_jpg.rf.68ec64d3a7851ef757f259403228214b.jpg,11,0,0,11,Medium
MVI_20011_img00388_jpg.rf.930e4c76fc335f31e39c1566a24f394d.jpg,11,0,0,11,Medium
MVI_20011_img00388_jpg.rf.fad22a1dbfa70fb378c3f0a48c0aec3d.jpg,14,0,0,14,High
MVI_20011_img00389_jpg.rf.7276930b1cf3593f53e43b081401c3ab.jpg,13,0,1,14,High
MVI_20011_img00389_jpg.rf.a83b7acffdc304e069bf861d44b49e0c.jpg,14,0,0,14,High
MVI_20011_img00389_jpg.rf.d5121591d9cfe1827557faefcbe608e7.jpg,14,0,0,14,High
MVI_20011_img00402_jpg.rf.093620421a8790df529c46ea123e6f37.jpg,15,0,0,15,High
MVI_20011_img00402_jpg.rf.17e1cf9ec93b6fc400fc4e3bf3209675.jpg,14,0,0,14,High
MVI_20011_img00402_jpg.rf.ade6e5a1b3cff1c0cd706b908096681e.jpg,14,0,0,14,High
MVI_20011_img00406_jpg.rf.1b416bfacf100e2dc1f21feec60fef48.jpg,12,0,0,12,Medium
MVI_20011_img00406_jpg.rf.77b50d361be64770f259615cb8b18919.jpg,13,0,0,13,Medium
MVI_20011_img00406_jpg.rf.e138eb5667d5894927a1f57c210a1640.jpg,13,0,0,13,Medium
MVI_20011_img00411_jpg.rf.2e18696478f8bdb89d8bfa2e62203c85.jpg,12,0,0,12,Medium
MVI_20011_img00411_jpg.rf.be440183fbb29b39a1c6fa470456f747.jpg,11,0,0,11,Medium
MVI_20011_img00411_jpg.rf.beba1ff38c1ab737aae4def2b72d522a.jpg,11,0,0,11,Medium
MVI_20011_img00414_jpg.rf.35a40285e747f4c6dac68e1c615026f2.jpg,12,0,0,12,Medium
MVI_20011_img00414_jpg.rf.8d7341a4a8ebd5a34ec68c6ca01c3b10.jpg,11,0,0,11,Medium
MVI_20011_img00414_jpg.rf.9db43d4af3127567f4f37d28142ae90f.jpg,14,0,0,14,High
MVI_20011_img00424_jpg.rf.0f22cfe0299ab897b15db4da35725afe.jpg,13,0,0,13,Medium
MVI_20011_img00424_jpg.rf.36b12a1ac4c75aead43f7e12d4b46a64.jpg,11,0,0,11,Medium
MVI_20011_img00424_jpg.rf.6b16b6f9eaf2047904bfa2aa138cde80.jpg,10,0,0,10,Medium
MVI_20011_img00481_jpg.rf.2c21f3c9be7209aa7b57caeb968c47dc.jpg,14,0,0,14,High
MVI_20011_img00481_jpg.rf.578de7de32e3181765daecff399e0e4d.jpg,14,0,0,14,High
MVI_20011_img00481_jpg.rf.c50326c41349a5eba54edec465a739d6.jpg,14,1,0,15,High
MVI_20011_img00495_jpg.rf.b6c844fdbd34c8d0e2a5fb606c7c75d7.jpg,10,0,0,10,Medium
MVI_20011_img00495_jpg.rf.b7c2e59509082c4bc50d19eec30c570f.jpg,13,0,0,13,Medium
MVI_20011_img00495_jpg.rf.fcc4c1ab0c128c57a630dcb312f829eb.jpg,12,0,0,12,Medium
MVI_20011_img00497_jpg.rf.00e70344f84b05620b504a17ea281d7e.jpg,11,0,0,11,Medium
MVI_20011_img00497_jpg.rf.01e6cface9fe249a3c9dfc733bd9ed28.jpg,11,0,1,12,Medium
MVI_20011_img00497_jpg.rf.a41450fd43b226b6f8a6d3384c3b9072.jpg,15,0,0,15,High
MVI_20011_img00499_jpg.rf.45e0a41e070013d7fb21d0d5c20d6d5c.jpg,13,0,0,13,Medium
MVI_20011_img00499_jpg.rf.8485afd032e1adaa769dbe8414f0c3a2.jpg,12,0,0,12,Medium
MVI_20011_img00499_jpg.rf.caf95186a82e508e0729bc579f2630d5.jpg,10,0,0,10,Medium
MVI_20011_img00524_jpg.rf.1316fd057365a209d92405ecd0bc4ea5.jpg,14,0,0,14,High
MVI_20011_img00524_jpg.rf.bab05e7ce3f68168ea7c951130b55209.jpg,11,0,0,11,Medium
MVI_20011_img00524_jpg.rf.f05192efc1a77207eb5371a079bb2c30.jpg,15,0,0,15,High
MVI_20011_img00539_jpg.rf.7d9dc699fc59a2d9b823427e8d4c60f7.jpg,15,0,0,15,High
MVI_20011_img00539_jpg.rf.8af2c23213399a8c84dd9c274ab6f7ac.jpg,14,0,0,14,High
MVI_20011_img00539_jpg.rf.9abdaa5d65de207e9a883612a1d8dcdb.jpg,11,0,0,11,Medium
MVI_20011_img00546_jpg.rf.96af106fcbbe01d8514852690fa72b8d.jpg,14,0,0,14,High
MVI_20011_img00546_jpg.rf.e572a595c25046bb9ade63a1b04dd971.jpg,10,0,0,10,Medium
MVI_20011_img00546_jpg.rf.e9600c1fb9f9ae3998ac37ceff767b55.jpg,12,0,0,12,Medium
MVI_20011_img00548_jpg.rf.0f9a52d16beb486b17593cc79c2193e7.jpg,11,0,0,11,Medium
MVI_20011_img00548_jpg.rf.14130c0263920e0c2a3728a9196dc3af.jpg,12,0,0,12,Medium
MVI_20011_img00548_jpg.rf.ec2c0d6a595e49062126ea5ad3d9b04f.jpg,13,0,0,13,Medium
MVI_20011_img00585_jpg.rf.1e1bee6ec85d4f399cf318d48bf19404.jpg,9,1,0,10,Medium
MVI_20011_img00585_jpg.rf.31d6fbdfb51a8494c76960997a0aa95c.jpg,8,0,1,9,Medium
MVI_20011_img00585_jpg.rf.371844a5c7ac335cf7dc79b52db3bf96.jpg,10,1,0,11,Medium
MVI_20011_img00632_jpg.rf.0a672ca167e4cbb9578f8f82448b133b.jpg,14,0,1,15,High
MVI_20011_img00632_jpg.rf.0cec8d9655c81a4baff22b8f5c4891aa.jpg,11,0,0,11,Medium
MVI_20011_img00632_jpg.rf.19b521cedc094b633c3410a8d5c85cbb.jpg,8,1,0,9,Medium
MVI_20011_img00658_jpg.rf.0ec3428921177535ed4531b3f1e67ad5.jpg,8,0,1,9,Medium
MVI_20011_img00658_jpg.rf.a8e6257dae23ce8abe374298c4b22553.jpg,12,1,1,14,High
MVI_20011_img00658_jpg.rf.cedcf4c4222df9034d6afede961c982e.jpg,10,2,1,13,Medium
MVI_20012_img00063_jpg.rf.32030b860f77eee3f3b5f5cb55797334.jpg,8,2,0,10,Medium
MVI_20012_img00063_jpg.rf.4abf0c32bcbe0612c6a4f48aeefe4c4b.jpg,11,3,0,14,High
MVI_20012_img00063_jpg.rf.ef7aef36d59d0bd23a7faa8676acc169.jpg,9,2,0,11,Medium
MVI_20012_img00087_jpg.rf.1972af858588bf4381c9677eb1c548ae.jpg,10,1,0,11,Medium
MVI_20012_img00087_jpg.rf.6929868c066047092d27d43840085176.jpg,11,2,0,13,Medium
MVI_20012_img00087_jpg.rf.bf5a50783a12aaffd27f94937ff0d8c6.jpg,12,1,0,13,Medium
MVI_20012_img00139_jpg.rf.6553016d2dda661bf993c8e59a626dbb.jpg,11,1,0,12,Medium
MVI_20012_img00139_jpg.rf.66dcf7416128d5bf48ab50bf6b80e551.jpg,8,1,1,10,Medium
MVI_20012_img00139_jpg.rf.d34cadb1e3892536b541da4e1c398c07.jpg,8,1,1,10,Medium
MVI_20012_img00149_jpg.rf.33898334a2cbb8bb60d640bc05a1996c.jpg,11,1,0,12,Medium
MVI_20012_img00149_jpg.rf.62f68ab7f2a95e5ca58ebd8c40caa6a4.jpg,8,1,0,9,Medium
MVI_20012_img00149_jpg.rf.f11d80cc4400d6a7d6a68e41b9dfb9f7.jpg,11,1,0,12,Medium
MVI_20012_img00186_jpg.rf.976d7daa33e1859fcc5c4b0c32378991.jpg,13,2,0,15,High
MVI_20012_img00186_jpg.rf.b532855fbfacb4abb7228ce1b75f84ef.jpg,13,2,0,15,High
MVI_20012_img00186_jpg.rf.f09ff727300b35e75d504c9fc071d3e6.jpg,11,2,0,13,Medium
MVI_20012_img00209_jpg.rf.621fed824c17fb1e3e22ebfba235d8d8.jpg,12,1,0,13,Medium
MVI_20012_img00209_jpg.rf.a8251b5a4782a0b6e5112130156c2854.jpg,10,3,0,13,Medium
MVI_20012_img00209_jpg.rf.dcb8023cfea96562b7c42b7f29ebdbe5.jpg,7,3,0,10,Medium
MVI_20012_img00222_jpg.rf.6e69b62f036220868c78980be65a370a.jpg,9,1,0,10,Medium
MVI_20012_img00222_jpg.rf.7531f3ac4d400174745b885ae47b6bac.jpg,12,1,0,13,Medium
MVI_20012_img00222_jpg.rf.f085b4859ced6e5da1f176b663628850.jpg,9,1,0,10,Medium
MVI_20012_img00230_jpg.rf.37d8dc30337eae1a62917c6d21f6bf3c.jpg,13,1,0,14,High
MVI_20012_img00230_jpg.rf.99fdbbddf1d18e42b76b141b560c1af5.jpg,12,1,0,13,Medium
MVI_20012_img00230_jpg.rf.e3527966dc416842880dfe86fac804b9.jpg,9,1,0,10,Medium
MVI_20012_img00302_jpg.rf.1a57036d7ca43a6c2d2bd0f1f1c33e00.jpg,6,3,1,10,Medium
MVI_20012_img00302_jpg.rf.877ab783f8f4931f87e663a1fa72e1c4.jpg,9,2,0,11,Medium
MVI_20012_img00302_jpg.rf.deb7763d27970f8fd79f31d8a1c4740f.jpg,12,2,0,14,High
MVI_20012_img00309_jpg.rf.5da86d6e4a39c26d9cb9181ce95b24eb.jpg,10,1,0,11,Medium
MVI_20012_img00309_jpg.rf.898a0196909c2fd9ece1e9e69fb68d12.jpg,15,1,0,16,High
MVI_20012_img00309_jpg.rf.a30eb3a0032841cc543ca7f127ae1ef0.jpg,13,1,0,14,High
MVI_20012_img00329_jpg.rf.5e110b229248c83d46735779652974a4.jpg,15,2,0,17,High
MVI_20012_img00329_jpg.rf.67ecf2253834ca4b21f3acbbe8b64c7c.jpg,12,3,0,15,High
MVI_20012_img00329_jpg.rf.994e882bb4e90357686ea90a568e5e28.jpg,14,3,0,17,High
MVI_20012_img00340_jpg.rf.58a747429d2cece1ba5d0e00deb66af1.jpg,10,1,1,12,Medium
MVI_20012_img00340_jpg.rf.eb89bab5a07ab18bb2b2487790c9ed33.jpg,12,1,0,13,Medium
MVI_20012_img00340_jpg.rf.f028ad1aea6af57452e9dbfef6d93083.jpg,12,1,0,13,Medium
MVI_20012_img00352_jpg.rf.3726f998eec6a368825d40a45c337ed3.jpg,9,2,0,11,Medium
MVI_20012_img00352_jpg.rf.64037e7f13d693a986356a8b0f62b26d.jpg,10,3,0,13,Medium
MVI_20012_img00352_jpg.rf.d9bb55f118701352aee1dd5d5351e6fd.jpg,10,2,0,12,Medium
MVI_20012_img00358_jpg.rf.046810add07bde9ae1c522d4b410ce49.jpg,12,2,0,14,High
MVI_20012_img00358_jpg.rf.bfaebed8881299fa724075a6ca68d36c.jpg,9,4,0,13,Medium
MVI_20012_img00358_jpg.rf.ce329743bf73a67d199624e7518832d5.jpg,9,3,1,13,Medium
MVI_20012_img00426_jpg.rf.494937680e326c4a30d295a55007425d.jpg,13,2,0,15,High
MVI_20012_img00426_jpg.rf.9c907aa04d2bcc9233b87dcbb5498b7d.jpg,13,2,0,15,High
MVI_20012_img00426_jpg.rf.e837e3ad9d665cdef06634d6e3b2b0ef.jpg,13,3,0,16,High
MVI_20012_img00439_jpg.rf.00d2954128fd3046605a27c36111d434.jpg,13,2,0,15,High
MVI_20012_img00439_jpg.rf.cb57ba11b3ba62402aa7053508392b95.jpg,15,3,0,18,High
MVI_20012_img00439_jpg.rf.cd879c18d32a3924ef662c9320e414ab.jpg,15,2,0,17,High
MVI_20012_img00446_jpg.rf.477aa067965c871093d4116199894ca3.jpg,13,2,0,15,High
MVI_20012_img00446_jpg.rf.9b562dfb16c3292452668284fd1a8bf2.jpg,15,1,0,16,High
MVI_20012_img00446_jpg.rf.a57a9a79d01d7dc8fbbda0f9d72852a5.jpg,11,2,0,13,Medium
MVI_20012_img00457_jpg.rf.220c527ff8c9fe3a3f6f94fa6cbda317.jpg,11,3,0,14,High
MVI_20012_img00457_jpg.rf.a334e26d6804378090e4c5689d54c813.jpg,13,1,0,14,High
MVI_20012_img00457_jpg.rf.f3050262a0e3c9efb30184f4e0055b79.jpg,10,3,0,13,Medium
MVI_20012_img00550_jpg.rf.17960798f03c935915260df169d3dec5.jpg,8,3,0,11,Medium
MVI_20012_img00550_jpg.rf.1b2542e2a316c4a8d73976bf0454087e.jpg,10,2,0,12,Medium
MVI_20012_img00550_jpg.rf.8cb1611ab13b1edcc1864b28363185c5.jpg,7,3,1,11,Medium
MVI_20012_img00556_jpg.rf.595b7d1e311de00cadfcac1da440d0eb.jpg,11,2,1,14,High
MVI_20012_img00556_jpg.rf.9151a797cce93402674936f25693d4ae.jpg,10,1,2,13,Medium
MVI_20012_img00556_jpg.rf.e393a26760e295f60979d047001b219f.jpg,11,1,1,13,Medium
MVI_20012_img00572_jpg.rf.031f5816f4a5c2f6b737a654dbee03ad.jpg,13,0,0,13,Medium
MVI_20012_img00572_jpg.rf.47cafabb93b1f7fd6bae3d5c595f5d63.jpg,10,1,0,11,Medium
MVI_20012_img00572_jpg.rf.65567ed0b1d658985b627548fd7b591c.jpg,12,1,0,13,Medium
MVI_20012_img00633_jpg.rf.95709eca11165d868b504cbf966ea17a.jpg,8,1,0,9,Medium
MVI_20012_img00633_jpg.rf.9df2ced75a4e78f51b9bb7d984f60353.jpg,7,1,0,8,Medium
MVI_20012_img00633_jpg.rf.dd35e5bc94bddc6fc924613c48e6b08b.jpg,8,1,0,9,Medium
MVI_20012_img00647_jpg.rf.0c87e27b7061b59af3328ed84b2b25e5.jpg,10,1,0,11,Medium
MVI_20012_img00647_jpg.rf.94fe7d0fbe5d88296842a2b6da519947.jpg,9,1,0,10,Medium
MVI_20012_img00647_jpg.rf.f6c61b7242eb09b1b7ab920530faad7d.jpg,10,1,0,11,Medium
MVI_20012_img00666_jpg.rf.0dc1ba19ae3fd574d9e5e4005a459f42.jpg,11,1,0,12,Medium
MVI_20012_img00666_jpg.rf.5a8dbd3f1a9ba86004ad36616b48a5f3.jpg,12,1,0,13,Medium
MVI_20012_img00666_jpg.rf.f33f2f8e22e095e3b82e3efc1d5224eb.jpg,16,1,0,17,High
MVI_20012_img00683_jpg.rf.83be3fe96b998bf8349e0f5b04a54438.jpg,11,1,0,12,Medium
MVI_20012_img00683_jpg.rf.a09272447a792a20c59afb3f97d0fd48.jpg,7,1,0,8,Medium
MVI_20012_img00683_jpg.rf.c54d64e76a3e2af66a646fac8adba734.jpg,11,1,0,12,Medium
MVI_20012_img00720_jpg.rf.6f264f22c8fd0318cd42947c16dcf9d7.jpg,13,1,0,14,High
MVI_20012_img00720_jpg.rf.8e6e6da8da1580a8623b2c725fc5ba5d.jpg,10,1,0,11,Medium
MVI_20012_img00720_jpg.rf.d618b917a6d82b9a21c6d1fb79be5a3f.jpg,11,2,0,13,Medium
MVI_20012_img00744_jpg.rf.18dec5bef7c0af5b6ec877bac75223d8.jpg,11,1,0,12,Medium
MVI_20012_img00744_jpg.rf.260f82a21772156c52e682dc6f392c40.jpg,9,2,0,11,Medium
MVI_20012_img00744_jpg.rf.3d68d1d38920066e18f097e442c8784f.jpg,8,1,0,9,Medium
MVI_20012_img00747_jpg.rf.96d9aabab09ba8332f7dbda029818288.jpg,8,1,0,9,Medium
MVI_20012_img00747_jpg.rf.bdc2d9c00b4b501280b9407825b3aeae.jpg,7,1,0,8,Medium
MVI_20012_img00747_jpg.rf.d9fa8b23970c1b611a131e5c9efbd932.jpg,10,1,0,11,Medium
MVI_20012_img00767_jpg.rf.6a258e09c76b33854ef08065644957aa.jpg,6,2,0,8,Medium
MVI_20012_img00767_jpg.rf.d99e006267cd740a0cecd14ebf0252c6.jpg,6,1,0,7,Low
MVI_20012_img00767_jpg.rf.e94eaa75e819e5f35ad3944f4cb657a2.jpg,9,1,0,10,Medium
MVI_20012_img00770_jpg.rf.0d18f9161657516635a03066ea404853.jpg,9,1,0,10,Medium
MVI_20012_img00770_jpg.rf.9820731c496042cf235458895a654816.jpg,6,1,0,7,Low
MVI_20012_img00770_jpg.rf.e71619b01f53d1d735ed4143e74f07b4.jpg,4,1,0,5,Low
MVI_20012_img00791_jpg.rf.3724080249fac85cce7566120feae700.jpg,7,1,0,8,Medium
MVI_20012_img00791_jpg.rf.976e4c6baac46336cd0e4081440d5079.jpg,4,1,0,5,Low
MVI_20012_img00791_jpg.rf.e335f4b132b152c8987ff34a972f8c18.jpg,6,1,0,7,Low
MVI_20012_img00828_jpg.rf.1ff81a94a825ee1394829d1a42bc1b71.jpg,5,1,0,6,Low
MVI_20012_img00828_jpg.rf.2458b4c34fb9993b09cf15616d39e707.jpg,6,1,0,7,Low
MVI_20012_img00828_jpg.rf.f3d4f25f2ab78792f8ea6bc5771da9ee.jpg,6,1,0,7,Low
MVI_20012_img00861_jpg.rf.a1680c98795556f1e10cd8b8a10e8841.jpg,6,1,0,7,Low
MVI_20012_img00861_jpg.rf.a96f95cb1cf2e8c93a97a9fbe8d8628a.jpg,7,1,0,8,Medium
MVI_20012_img00861_jpg.rf.d8190f5c6008480f7cf63fec00f02e72.jpg,7,1,0,8,Medium
MVI_20012_img00875_jpg.rf.8c301889277f311c7e86b264471644f9.jpg,7,1,0,8,Medium
MVI_20012_img00875_jpg.rf.8c6afe3a24ec9deb2104413c1d2cb847.jpg,4,1,0,5,Low
MVI_20012_img00875_jpg.rf.f6611522c6a8240fec79962a88bfa886.jpg,8,1,0,9,Medium
MVI_20012_img00882_jpg.rf.8a817946933dd484abdb209e86d7c594.jpg,8,2,0,10,Medium
MVI_20012_img00882_jpg.rf.e0f3d4f9cc3c9831f625eba35a3c5bd6.jpg,4,1,0,5,Low
MVI_20012_img00882_jpg.rf.ec4eaa03d59be6259ce0082a462d8d45.jpg,7,1,0,8,Medium
MVI_20012_img00910_jpg.rf.0e73c7e75d6d84a23061d6a0fd019ead.jpg,5,1,0,6,Low
MVI_20012_img00910_jpg.rf.8c4eab9d85dc01e11fb574facce817ad.jpg,5,1,0,6,Low
MVI_20012_img00910_jpg.rf.a69a1a009032cab1c81dfce8a3b7fd76.jpg,7,1,0,8,Medium
MVI_20012_img00916_jpg.rf.5116a8954f02c578a2fc53df2096433e.jpg,8,1,0,9,Medium
MVI_20012_img00916_jpg.rf.cef7c23ffbf53bb1025d5147d357d431.jpg,4,1,0,5,Low
MVI_20012_img00916_jpg.rf.e370915c9e75a0f27eb9cb274fc613f0.jpg,3,1,0,4,Low
MVI_20012_img00919_jpg.rf.2f8a5baa51886358130f87c0feefc8b1.jpg,3,1,0,4,Low
MVI_20012_img00919_jpg.rf.8bfd02bbf60ae3970ff7a7215ea44423.jpg,7,1,0,8,Medium
MVI_20012_img00919_jpg.rf.ef8922da3cdec78203f351e9d8860d77.jpg,3,1,0,4,Low
MVI_20032_img00032_jpg.rf.37b3bdb194dbe56d37f27fe722eb7dec.jpg,9,0,0,9,Medium
MVI_20032_img00032_jpg.rf.4387798292aa0a5b1b2d62c37fcb1c13.jpg,13,0,0,13,Medium
MVI_20032_img00032_jpg.rf.e6b60704c9e605a61e2da207d9eed4bc.jpg,11,0,0,11,Medium
MVI_20032_img00033_jpg.rf.6f001a36a08560dc7637b5bdb3f14ede.jpg,8,0,0,8,Medium
MVI_20032_img00033_jpg.rf.a6e4738fb95685a122c483efe2d2dbc8.jpg,10,0,0,10,Medium
MVI_20032_img00033_jpg.rf.f006a17cfe1ee33e73c124d638958e1c.jpg,10,0,0,10,Medium
MVI_20032_img00062_jpg.rf.923e0fda893ea2c1b388dd7bc216104f.jpg,7,0,0,7,Low
MVI_20032_img00062_jpg.rf.9c1b03413bdec6350231d96d6401efd8.jpg,9,0,0,9,Medium
MVI_20032_img00062_jpg.rf.f39c1022ca18bf7a007ea7e7143ed8fd.jpg,7,0,0,7,Low
MVI_20032_img00072_jpg.rf.3e30c6dcb8af66c99e0618c9e700679f.jpg,8,0,0,8,Medium
MVI_20032_img00072_jpg.rf.3ee8ceb307a139f96912abba8c564543.jpg,9,0,0,9,Medium
MVI_20032_img00072_jpg.rf.8697c4b100f555332a905be8c54ec32a.jpg,8,0,1,9,Medium
MVI_20032_img00091_jpg.rf.449abb332fa0c06a1ce713ab1c148389.jpg,11,0,0,11,Medium
MVI_20032_img00091_jpg.rf.5d211be66328aa375822cc87d490f466.jpg,10,0,0,10,Medium
MVI_20032_img00091_jpg.rf.772452c242a15ab9ec3c7b6ea662235e.jpg,8,0,0,8,Medium
MVI_20032_img00134_jpg.rf.e6eff45abff851a29dae68e53373250b.jpg,9,0,0,9,Medium
MVI_20032_img00134_jpg.rf.f235eb7217dba14dfb6029fcad467759.jpg,6,0,0,6,Low
MVI_20032_img00134_jpg.rf.f8f96f42793c70e80d2692af33abf439.jpg,11,0,0,11,Medium
MVI_20032_img00137_jpg.rf.207c500fe3aefc1cb7c179b6871696c1.jpg,10,0,0,10,Medium
MVI_20032_img00137_jpg.rf.398de607240b94d479860181edad2e31.jpg,9,0,0,9,Medium
MVI_20032_img00137_jpg.rf.ce24ee3d93edf5230a2a7227efa66081.jpg,10,0,0,10,Medium
MVI_20032_img00156_jpg.rf.254bc24d2b1e2bc2a4d9a9795b095b8c.jpg,10,0,0,10,Medium
MVI_20032_img00156_jpg.rf.415fc6fc85f56c952d130e0e58b6c045.jpg,10,0,0,10,Medium
MVI_20032_img00156_jpg.rf.42091889ad4d80e1bd1c76afb263578e.jpg,7,0,0,7,Low
MVI_20032_img00188_jpg.rf.b5259b3d85482ec204fd64c41468dc7a.jpg,5,0,0,5,Low
MVI_20032_img00188_jpg.rf.c804a9cfadea81a42ceee09361de9ac6.jpg,8,0,0,8,Medium
MVI_20032_img00188_jpg.rf.ea81c3539a2aa8070f2ea45f6075d119.jpg,8,0,1,9,Medium
MVI_20032_img00225_jpg.rf.1848436aa0963010dc11ad2092c4221a.jpg,6,0,0,6,Low
MVI_20032_img00225_jpg.rf.40f011ea156d84523e63e252bb3bec42.jpg,9,0,0,9,Medium
MVI_20032_img00225_jpg.rf.de6e79a051c662b15d86caf655c89539.jpg,9,0,0,9,Medium
MVI_20032_img00263_jpg.rf.25d9d1fd66711ca1e0485480e43548b6.jpg,9,0,0,9,Medium
MVI_20032_img00263_jpg.rf.57e4d9c90c4b9729eef52d553e99da6f.jpg,6,0,0,6,Low
MVI_20032_img00263_jpg.rf.99e3731a7f9242adab8d079380a95849.jpg,7,0,0,7,Low
MVI_20032_img00266_jpg.rf.2a834dc7f57cc41b7bcec0e317791114.jpg,8,0,0,8,Medium
MVI_20032_img00266_jpg.rf.536c81ad46ec83f06d66cd597cfe7b72.jpg,12,0,0,12,Medium
MVI_20032_img00266_jpg.rf.7a9ee9a0c94896ca6a9bf17a67fd65b8.jpg,7,0,0,7,Low
MVI_20032_img00276_jpg.rf.6f55bfdd43ea57d2e69edd761fbc548d.jpg,7,0,0,7,Low
MVI_20032_img00276_jpg.rf.a5a4436f14a47f66793c087f1ca910e8.jpg,9,0,0,9,Medium
MVI_20032_img00276_jpg.rf.e557e46301625968ae2d17f7f32842d4.jpg,7,0,0,7,Low
MVI_20032_img00298_jpg.rf.098f1676fdeb08aff04d19bb22f91608.jpg,7,0,0,7,Low
MVI_20032_img00298_jpg.rf.9e3783edec249240b8c8260761cfa2d5.jpg,7,0,0,7,Low
MVI_20032_img00298_jpg.rf.faff846f9620ae754d7026c712b2a8e5.jpg,7,0,0,7,Low
MVI_20032_img00305_jpg.rf.a35606c614d20093ee4ddeab2e1aea81.jpg,7,0,0,7,Low
MVI_20032_img00305_jpg.rf.ca1ec89da688045c5d932b6c77a214c6.jpg,6,0,0,6,Low
MVI_20032_img00305_jpg.rf.e5ebbf05ae3fd07fb9e85a7b3f6e9455.jpg,6,0,0,6,Low
MVI_20032_img00307_jpg.rf.6aeb106760c42eae0e1c8d4491414225.jpg,8,0,0,8,Medium
MVI_20032_img00307_jpg.rf.d1df71f5c4694f0b0221f777dc7040ac.jpg,5,0,0,5,Low
MVI_20032_img00307_jpg.rf.f58ac5f3d212c4b997a0fdca3b09cfe8.jpg,4,0,0,4,Low
MVI_20032_img00324_jpg.rf.0ee6ab72817d60c28f5aeaaf8cde5c68.jpg,8,0,0,8,Medium
MVI_20032_img00324_jpg.rf.a18854b6b954bfc2b384517a4c637e1c.jpg,9,0,0,9,Medium
MVI_20032_img00324_jpg.rf.c30e45060157f8d03434491f0df19a32.jpg,10,0,0,10,Medium
MVI_20032_img00346_jpg.rf.0bdfc01d4e31eb9f9652fe9f83a8fef3.jpg,8,0,0,8,Medium
MVI_20032_img00346_jpg.rf.c2e8992052102a3e094502ffb1124967.jpg,9,0,0,9,Medium
MVI_20032_img00346_jpg.rf.ca8a27db18e6640d05253acdcb3bc814.jpg,9,0,0,9,Medium
MVI_20032_img00353_jpg.rf.62bf4d0836c1b2aa60abe2f61c0a5440.jpg,7,0,0,7,Low
MVI_20032_img00353_jpg.rf.72b53177ebba92734b380b168a7adcc2.jpg,9,0,0,9,Medium
MVI_20032_img00353_jpg.rf.f9da329e90421957784b1d76f9ee91d9.jpg,8,0,0,8,Medium
MVI_20032_img00358_jpg.rf.1cac798dd3902aa4f0068331e6b7ac63.jpg,8,0,0,8,Medium
MVI_20032_img00358_jpg.rf.ed63e81f1e996a403631367800a386ce.jpg,9,0,0,9,Medium
MVI_20032_img00358_jpg.rf.f8d37145abd8241b3e2eba9465655b12.jpg,8,0,0,8,Medium
MVI_20032_img00385_jpg.rf.8cd900de866c16fc54063aa78e4e35eb.jpg,9,0,0,9,Medium
MVI_20032_img00385_jpg.rf.a477e5b762386e6d030df04e4ed808ff.jpg,9,0,0,9,Medium
MVI_20032_img00385_jpg.rf.ee79dc8b9f9ee5d1f3275295ec81cd3e.jpg,9,0,0,9,Medium
MVI_20032_img00398_jpg.rf.48cf5d4d613fcd54a95c5c278c185186.jpg,10,0,0,10,Medium
MVI_20032_img00398_jpg.rf.bd63e9ed30541b964427dbac619c5b8c.jpg,7,0,0,7,Low
MVI_20032_img00398_jpg.rf.be16a09ab3ba04daf654dc76abdc9d7e.jpg,8,0,0,8,Medium
MVI_20032_img00415_jpg.rf.1850f39e5217ddf5ed5d7b166cb7f999.jpg,10,0,0,10,Medium
MVI_20032_img00415_jpg.rf.47eee66848c1fb15c654693249083f83.jpg,7,0,0,7,Low
MVI_20032_img00415_jpg.rf.bb2b88e7a005fc440a0798c76fd3a3bc.jpg,7,0,0,7,Low
MVI_20032_img00427_jpg.rf.29f6c41a1024f375004ea53f0eb67d5f.jpg,8,0,0,8,Medium
MVI_20032_img00427_jpg.rf.da8a1336065e488085c42cb628e38e68.jpg,9,0,0,9,Medium
MVI_20032_img00427_jpg.rf.fe764571cd8d9d543d0c9c43fc89635c.jpg,7,0,0,7,Low
MVI_20033_img00005_jpg.rf.a1ac18f9468e7aa73a7515d6da3ce47c.jpg,11,0,0,11,Medium
MVI_20033_img00005_jpg.rf.a64a585a274f3439bdd70c948ecf8701.jpg,11,0,0,11,Medium
MVI_20033_img00005_jpg.rf.f0c580e2678b85e8d0022db14649e918.jpg,8,0,0,8,Medium
MVI_20033_img00025_jpg.rf.14152ed256f8a0f0e73ee7a66e3193e5.jpg,11,0,0,11,Medium
MVI_20033_img00025_jpg.rf.53bff2cb8ffe63df9248430c1eda7016.jpg,11,0,0,11,Medium
MVI_20033_img00025_jpg.rf.578c052fcfc34eff298063a354eba92a.jpg,9,0,0,9,Medium
MVI_20033_img00032_jpg.rf.c2889ae0156883ae3ce8a32a6cbb4350.jpg,9,0,0,9,Medium
MVI_20033_img00032_jpg.rf.dd43ed55a4453e8438a62c053451e4d9.jpg,9,0,0,9,Medium
MVI_20033_img00032_jpg.rf.f1765eb7db8ab8826d0379e2196d8c47.jpg,9,0,0,9,Medium
MVI_20033_img00061_jpg.rf.09ce9d5df35bb46e16870b4d472d9d6f.jpg,14,0,0,14,High
MVI_20033_img00061_jpg.rf.775a30253fd54a15da5a176bece34278.jpg,14,0,0,14,High
MVI_20033_img00061_jpg.rf.a018f359202ab5f65a02f8e19104aee5.jpg,12,0,0,12,Medium
MVI_20033_img00083_jpg.rf.8976b92ec3eec8a40f1666f083912bbe.jpg,12,0,0,12,Medium
MVI_20033_img00083_jpg.rf.ce3b338ab136cfbd3bb0dbd5dabd58cd.jpg,12,0,0,12,Medium
MVI_20033_img00083_jpg.rf.cfbd74ef7f00aa4586ace34af4ebe00b.jpg,8,0,0,8,Medium
MVI_20033_img00098_jpg.rf.511df28640a9547512bb87dd91c4fae6.jpg,10,0,0,10,Medium
MVI_20033_img00098_jpg.rf.795698afbb5d5157925ad538d5743c73.jpg,13,0,0,13,Medium
MVI_20033_img00098_jpg.rf.ed4d4b816dcfe15fe7549cb18ec07321.jpg,10,0,0,10,Medium
MVI_20033_img00133_jpg.rf.11952ea9dbdcb60f8cd44c343d0fa37e.jpg,10,0,0,10,Medium
MVI_20033_img00133_jpg.rf.6758712692385b6e24b8c36846fb958e.jpg,7,0,0,7,Low
MVI_20033_img00133_jpg.rf.780272b12abe7db7ec7339f55a4be936.jpg,10,0,0,10,Medium
MVI_20033_img00139_jpg.rf.96e7833da6b825f9a610ba7ea4ae5c18.jpg,9,0,0,9,Medium
MVI_20033_img00139_jpg.rf.98bc39401bf8277a479493dd0c4b63ae.jpg,6,0,0,6,Low
MVI_20033_img00139_jpg.rf.fd0676048a184007343735275a659a7d.jpg,5,0,0,5,Low
MVI_20033_img00140_jpg.rf.6447b6039bd376653a5de28335b28bb0.jpg,9,0,0,9,Medium
MVI_20033_img00140_jpg.rf.6fca4cf6b7772797f6bdc02856c27564.jpg,8,0,0,8,Medium
MVI_20033_img00140_jpg.rf.febd0612ff7087b7a3e404cacb837afd.jpg,8,0,0,8,Medium
MVI_20033_img00146_jpg.rf.2d99e616fb56bbaef1fd0eb6369c3a4a.jpg,10,0,0,10,Medium
MVI_20033_img00146_jpg.rf.4a476c55f65b9ab2dd181ace0a7171c3.jpg,14,0,0,14,High
MVI_20033_img00146_jpg.rf.8e0c173739f20289c6a3c6ea05b2b324.jpg,10,0,0,10,Medium
MVI_20033_img00170_jpg.rf.044f46ecaed39ce83f14b4a8946633d3.jpg,7,0,0,7,Low
MVI_20033_img00170_jpg.rf.42d7df5b4be9e7cba8eb485e12230007.jpg,10,0,0,10,Medium
MVI_20033_img00170_jpg.rf.fb1c4ba56b4cc933a6f8f8e95446eebf.jpg,8,0,0,8,Medium
MVI_20033_img00273_jpg.rf.3895cf4dabf3168cc8574e84bdb91985.jpg,9,0,1,10,Medium
MVI_20033_img00273_jpg.rf.6523f8a9f080077d38944deff69b7df7.jpg,9,0,1,10,Medium
MVI_20033_img00273_jpg.rf.89f4db19235ab53a893c55434ed648dc.jpg,8,0,1,9,Medium
MVI_20033_img00296_jpg.rf.1885995e77c7988f0fefdbae825de08a.jpg,9,0,0,9,Medium
MVI_20033_img00296_jpg.rf.9871adbcb3599825f522a3a4d8aa5512.jpg,10,0,0,10,Medium
MVI_20033_img00296_jpg.rf.da2bedc50b9c787f12e926457e257afa.jpg,8,0,1,9,Medium
MVI_20033_img00301_jpg.rf.12c5c39485cf3aab6238dd06c1f6a51b.jpg,10,0,0,10,Medium
MVI_20033_img00301_jpg.rf.aedf4fc5dad15a0693dc5ff8086223fd.jpg,8,0,0,8,Medium
MVI_20033_img00301_jpg.rf.d4027d29061dfaa13a6d76d0c571f455.jpg,9,0,0,9,Medium
MVI_20033_img00304_jpg.rf.09f03ee3b8faec83f8ef0918d39fa138.jpg,8,0,0,8,Medium
MVI_20033_img00304_jpg.rf.57d94220988989302149e3f0d01f161d.jpg,12,0,0,12,Medium
MVI_20033_img00304_jpg.rf.5b3dd7b533f1f69b041b6e5ee26080ca.jpg,8,0,0,8,Medium
MVI_20033_img00308_jpg.rf.3c714e56743f161cdf902a0245d0ca7c.jpg,9,0,0,9,Medium
MVI_20033_img00308_jpg.rf.55c9afcf6473339bbbb0266abb464d74.jpg,12,0,0,12,Medium
MVI_20033_img00308_jpg.rf.cc320e5294fd38b9b6627d951773023e.jpg,9,0,0,9,Medium
MVI_20033_img00319_jpg.rf.14edb2ed9361b49da8a455e83c729603.jpg,10,0,0,10,Medium
MVI_20033_img00319_jpg.rf.98c777dd6b7d10da5022ecd710f54ca3.jpg,10,0,0,10,Medium
MVI_20033_img00319_jpg.rf.f7dae030ad6040d1ae90b253682c1d4c.jpg,9,0,0,9,Medium
MVI_20033_img00334_jpg.rf.a96c935c2f07d84d84b3f489df194208.jpg,10,0,0,10,Medium
MVI_20033_img00334_jpg.rf.de9022bb84c2e6d1eb596b68f50c30fa.jpg,10,0,0,10,Medium
MVI_20033_img00334_jpg.rf.fb5c458cfffdb0c958eca528a93940ec.jpg,8,0,0,8,Medium
MVI_20033_img00336_jpg.rf.4f4c7abc37648931385d164000c5b79e.jpg,11,0,0,11,Medium
MVI_20033_img00336_jpg.rf.be30be3f69ee8721079022070d25f45b.jpg,10,0,0,10,Medium
MVI_20033_img00336_jpg.rf.fa49c899b1dbad36da5b4beeaf489e35.jpg,11,0,0,11,Medium
MVI_20033_img00353_jpg.rf.94c1e1b62dfe8718992d6ca897bae016.jpg,10,0,0,10,Medium
MVI_20033_img00353_jpg.rf.de75403498126edde700bab8fbee49a5.jpg,9,0,0,9,Medium
MVI_20033_img00353_jpg.rf.fd29b6618cb1a3391a66d54d9b3820e7.jpg,9,0,0,9,Medium
MVI_20033_img00376_jpg.rf.56c9c9e21e8f8b65d03ba4c84bececc0.jpg,10,0,0,10,Medium
MVI_20033_img00376_jpg.rf.951921e123ae2dd4592cdb152c1e1d52.jpg,8,0,0,8,Medium
MVI_20033_img00376_jpg.rf.aa045eceb5a57a276b9262fe9a46c31d.jpg,9,0,0,9,Medium
MVI_20033_img00382_jpg.rf.5d2aa9b49e0dc7d839964c3a269d2c75.jpg,10,0,0,10,Medium
MVI_20033_img00382_jpg.rf.a328a7a2732f11225a99e0bccb807475.jpg,9,1,0,10,Medium
MVI_20033_img00382_jpg.rf.d2092b4894239536bd376ab04fe2d06f.jpg,10,0,0,10,Medium
MVI_20033_img00388_jpg.rf.28dd317f265a042bf44f27947591cee1.jpg,10,0,0,10,Medium
MVI_20033_img00388_jpg.rf.f0297cbf646798768cd814e0602130ec.jpg,8,0,0,8,Medium
MVI_20033_img00388_jpg.rf.fe8b3f7bf52927bb4391653b27833802.jpg,11,0,0,11,Medium
MVI_20033_img00394_jpg.rf.11aaaee6266ba466221d9dde9db97eb9.jpg,6,0,0,6,Low
MVI_20033_img00394_jpg.rf.29adda1b576fc456e6a04752ffb2cc43.jpg,10,0,0,10,Medium
MVI_20033_img00394_jpg.rf.db1d33d66079ccee0b75b15c2987f4f9.jpg,5,0,0,5,Low
MVI_20033_img00424_jpg.rf.4fd4eb6b99d1c97a592bd63480fb8933.jpg,10,0,0,10,Medium
MVI_20033_img00424_jpg.rf.5584a0aa1b94248b549502e26c1e79f2.jpg,8,0,0,8,Medium
MVI_20033_img00424_jpg.rf.c67ae029eaf1a217b22080dbc1c79054.jpg,11,0,0,11,Medium
MVI_20033_img00439_jpg.rf.60155468b09371d36a39e79f14020605.jpg,11,0,0,11,Medium
MVI_20033_img00439_jpg.rf.f05adca6554e98b4903e07c59c6234d8.jpg,10,0,0,10,Medium
MVI_20033_img00439_jpg.rf.fe9a20902019c7dd959144954ffc3ada.jpg,9,0,0,9,Medium
MVI_20033_img00455_jpg.rf.0acb1a9b5287c60125b9ced126ef8bab.jpg,9,0,0,9,Medium
MVI_20033_img00455_jpg.rf.d04d06ba59e38b1fa0853502889fbdcd.jpg,10,0,0,10,Medium
MVI_20033_img00455_jpg.rf.d459a9fff0b99a580d04549eec763ba0.jpg,10,0,0,10,Medium
MVI_20033_img00478_jpg.rf.7faafd5773da8baccbf1c2b56820c627.jpg,12,1,0,13,Medium
MVI_20033_img00478_jpg.rf.8d4011d0395bde49478579480ae298aa.jpg,12,2,0,14,High
MVI_20033_img00478_jpg.rf.e1e62ebaead56ab27cdc53011fc19ca0.jpg,10,1,0,11,Medium
MVI_20033_img00497_jpg.rf.94c92907a5571a77c0dc61b0dcf76be0.jpg,11,2,0,13,Medium
MVI_20033_img00497_jpg.rf.a68bee19a070a807957396086acc8913.jpg,10,2,0,12,Medium
MVI_20033_img00497_jpg.rf.a839550bcfb837dcaa7741723a14f077.jpg,7,2,0,9,Medium
MVI_20033_img00499_jpg.rf.5d2fed60664a052810f09dd6dd7e2602.jpg,13,2,0,15,High
MVI_20033_img00499_jpg.rf.7d3f9e73df149b27c78789d09220c410.jpg,9,2,0,11,Medium
MVI_20033_img00499_jpg.rf.94543fac04bf26c4fdf325940c584fa8.jpg,9,1,0,10,Medium
MVI_20033_img00506_jpg.rf.45ba40a79fd6de6f1ac24022d16bcc76.jpg,13,2,0,15,High
MVI_20033_img00506_jpg.rf.6c1de10dd137e883af4555a905c9d9a9.jpg,10,2,0,12,Medium
MVI_20033_img00506_jpg.rf.b088fcec71f000f9e868da541c2a167e.jpg,12,2,0,14,High
MVI_20033_img00557_jpg.rf.54e7c2d76c7944f95a002e46f17d9ad3.jpg,9,2,1,12,Medium
MVI_20033_img00557_jpg.rf.d479f1bda95e3f492cf3dc80e4556434.jpg,10,2,0,12,Medium
MVI_20033_img00557_jpg.rf.dc21243333b6017f0c46058ae41d3ba9.jpg,12,2,0,14,High
MVI_20033_img00560_jpg.rf.3299de5ba4a5c80cd094b3d453766aaf.jpg,11,2,1,14,High
MVI_20033_img00560_jpg.rf.75dd41e260775d898427da3b8a3d0a81.jpg,11,2,1,14,High
MVI_20033_img00560_jpg.rf.b5b9addb3811112d2c5519d611b19b80.jpg,10,2,0,12,Medium
MVI_20033_img00564_jpg.rf.a0af8d1f16ac687f1a67db9f7a88ca26.jpg,11,1,0,12,Medium
MVI_20033_img00564_jpg.rf.e4bf6717820adb859a2ade7f77b458b3.jpg,9,1,0,10,Medium
MVI_20033_img00564_jpg.rf.f6b53e13234d042125006ada78abfcb9.jpg,10,2,0,12,Medium
MVI_20033_img00606_jpg.rf.747bbfc9157b9f85cba46c6ec7762e01.jpg,10,1,1,12,Medium
MVI_20033_img00606_jpg.rf.881fa420adbd351c1c68fe13ff18d653.jpg,4,1,2,7,Low
MVI_20033_img00606_jpg.rf.8e297f05ebccd32596fa70536a567a3e.jpg,8,1,1,10,Medium
MVI_20033_img00612_jpg.rf.7cb569ac7ed2030cc04739492e1ee9c5.jpg,6,1,1,8,Medium
MVI_20033_img00612_jpg.rf.87d4271506bdf198f37be1520f667f3b.jpg,10,2,0,12,Medium
MVI_20033_img00612_jpg.rf.ff42d36ccfdd0c2f4291f8e2ee08b516.jpg,10,1,2,13,Medium
MVI_20033_img00632_jpg.rf.90d08c4ac5c0c616ee10fe959fb20389.jpg,8,1,1,10,Medium
MVI_20033_img00632_jpg.rf.a01c8a91de8fa103330d869f16dbb225.jpg,9,2,0,11,Medium
MVI_20033_img00632_jpg.rf.c57694a6c0deb9b3f75e8cba6c2b1e04.jpg,9,1,1,11,Medium
MVI_20033_img00638_jpg.rf.499638535fdc8c74a3334df161c00107.jpg,10,2,0,12,Medium
MVI_20033_img00638_jpg.rf.956d55f9debeaeff847957ed0838a797.jpg,9,1,0,10,Medium
MVI_20033_img00638_jpg.rf.fc99bb3f11b5b26aaf3a53ccb8a8c27a.jpg,9,2,0,11,Medium
MVI_20033_img00639_jpg.rf.85f6e90138de97510bdefe6a6db8dfc0.jpg,8,0,0,8,Medium
MVI_20033_img00639_jpg.rf.ba79e12d0e0b410348a09128e5e625b9.jpg,11,2,0,13,Medium
MVI_20033_img00639_jpg.rf.ecefd407a3e9b7faa1fc73381800f0f5.jpg,9,2,0,11,Medium
MVI_20033_img00654_jpg.rf.85905f85a1017c1f2163245901d617a9.jpg,12,1,0,13,Medium
MVI_20033_img00654_jpg.rf.88d6e36e0c3854c000c304f441d562ab.jpg,11,1,0,12,Medium
MVI_20033_img00654_jpg.rf.ec61df89cf0a68ea8e2202c5b66824ae.jpg,11,1,0,12,Medium
MVI_20033_img00658_jpg.rf.110d5b313999c60e44a7839652f3854d.jpg,8,1,0,9,Medium
MVI_20033_img00658_jpg.rf.e541390fd4bf12150cc066f5c6ab02f6.jpg,11,1,0,12,Medium
MVI_20033_img00658_jpg.rf.ecc975ca20f13d01dc7a1dea9ccfeea7.jpg,10,1,0,11,Medium
MVI_20033_img00674_jpg.rf.1e7d54df39cb8cd52c935b5345bcc050.jpg,10,1,0,11,Medium
MVI_20033_img00674_jpg.rf.a28340b9ccd059aef9d8e0a4b93bcaf6.jpg,15,1,0,16,High
MVI_20033_img00674_jpg.rf.ad7accb1a7385e53d9437ceb08d34e0b.jpg,9,0,1,10,Medium
MVI_20033_img00692_jpg.rf.024790a0a5a653819ea81713f187bf07.jpg,10,1,0,11,Medium
MVI_20033_img00692_jpg.rf.66efc0f4b54f8660f61449b005763499.jpg,9,1,0,10,Medium
MVI_20033_img00692_jpg.rf.df8a1f88deb79ad15bbd550ddefd48fe.jpg,9,1,0,10,Medium
MVI_20033_img00697_jpg.rf.50fa611fdb676038d6db6534e35a1fd1.jpg,11,0,1,12,Medium
MVI_20033_img00697_jpg.rf.5fe5fab24137df2e191f88a4189396de.jpg,9,1,0,10,Medium
MVI_20033_img00697_jpg.rf.760352326803845c90a5a3d0416448fb.jpg,12,1,0,13,Medium
MVI_20033_img00746_jpg.rf.0cb71bad34e7e9f14bb8e3aefbe4bc90.jpg,12,1,0,13,Medium
MVI_20033_img00746_jpg.rf.16f09772a0018e3a78f17be5c397d5e9.jpg,7,1,1,9,Medium
MVI_20033_img00746_jpg.rf.a4a6e917321d387159508bec81738ed3.jpg,8,1,0,9,Medium
MVI_20033_img00774_jpg.rf.54ee231a1d22334913e43482e0fd10a5.jpg,8,1,0,9,Medium
MVI_20033_img00774_jpg.rf.86393708afe522d313862c47adc1823f.jpg,8,1,1,10,Medium
MVI_20033_img00774_jpg.rf.9d8af3b61877c5d5c710a0836a531b8c.jpg,8,1,0,9,Medium
MVI_20033_img00782_jpg.rf.445cc200c08fd7732010b8deffc2e42f.jpg,8,1,0,9,Medium
MVI_20033_img00782_jpg.rf.9b55eaa425ebe33725b78e90ebc4f3e6.jpg,8,1,0,9,Medium
MVI_20033_img00782_jpg.rf.b601d8b7110af2282c9c3298b32cd2da.jpg,10,1,1,12,Medium
MVI_20034_img00032_jpg.rf.0019cbc85e9338c9b60a57c6c360b93c.jpg,9,1,0,10,Medium
MVI_20034_img00032_jpg.rf.256e5d6bd1885e121a22ea073d4cd4f2.jpg,10,1,0,11,Medium
MVI_20034_img00032_jpg.rf.8a22a3f215223b20b8c77ef3a2a8ccc5.jpg,8,1,0,9,Medium
MVI_20034_img00036_jpg.rf.3e99f7ea5a75098aaa372f6f90df381f.jpg,10,0,1,11,Medium
MVI_20034_img00036_jpg.rf.89222e23fcb1f870f759cc3fb9db5fe1.jpg,13,1,0,14,High
MVI_20034_img00036_jpg.rf.ef27fc12c291484a431c1f7db92cee86.jpg,13,1,0,14,High
MVI_20034_img00056_jpg.rf.2f0ccbec5da00cc13d88946e2a641790.jpg,10,1,0,11,Medium
MVI_20034_img00056_jpg.rf.654e47a6164a5cf59a85cb70e408fa82.jpg,12,1,0,13,Medium
MVI_20034_img00056_jpg.rf.ef8e4e07c6707f84162bb81665896bd9.jpg,9,1,0,10,Medium
MVI_20034_img00065_jpg.rf.6a348e57e3201904d43ee3a449aa402c.jpg,11,1,0,12,Medium
MVI_20034_img00065_jpg.rf.76d04d556f493394f77808772fd9ccdf.jpg,10,1,0,11,Medium
MVI_20034_img00065_jpg.rf.80a45221fe828615c204f1b08e0b744e.jpg,10,1,0,11,Medium
MVI_20034_img00073_jpg.rf.367d5080e49bb2cc7451a127332ed876.jpg,10,1,0,11,Medium
MVI_20034_img00073_jpg.rf.4823e6e03fb9c69ce55efed666683bb6.jpg,15,1,0,16,High
MVI_20034_img00073_jpg.rf.9a42da867ab756a58dc9900ec0402725.jpg,9,1,0,10,Medium
MVI_20034_img00076_jpg.rf.0c8e335d9d5f5faf51eeaf0cddca7a63.jpg,12,1,0,13,Medium
MVI_20034_img00076_jpg.rf.0ec2769ec898c42e0305c824934ef50c.jpg,12,1,0,13,Medium
MVI_20034_img00076_jpg.rf.cbcc035dbddc536cd0c69fa8e3d7936a.jpg,11,1,0,12,Medium
MVI_20034_img00084_jpg.rf.a2cea799de2526598876a040feb500df.jpg,10,0,0,10,Medium
MVI_20034_img00084_jpg.rf.bc56383574dfc551018dc22912671c58.jpg,12,1,0,13,Medium
MVI_20034_img00084_jpg.rf.c542a545e96b96b0dc590627829cddd4.jpg,12,1,1,14,High
MVI_20034_img00102_jpg.rf.3583039234f5fe66e2632102eed62d45.jpg,8,0,0,8,Medium
MVI_20034_img00102_jpg.rf.46cf1beadfb3f3e3c84c7f4f6e3c308c.jpg,9,1,0,10,Medium
MVI_20034_img00102_jpg.rf.a2aee55ff68d7f826a48d01fdbef0920.jpg,8,1,0,9,Medium
MVI_20034_img00119_jpg.rf.436bf8e0c56b73d27b53430d91cb91cc.jpg,11,1,0,12,Medium
MVI_20034_img00119_jpg.rf.64fb2d536352c64b6793dcb976ec9fdf.jpg,12,1,0,13,Medium
MVI_20034_img00119_jpg.rf.fe5ed4e34c4e12a6a675c651ba6673ab.jpg,12,1,0,13,Medium
MVI_20034_img00120_jpg.rf.08bd3ee36bfd5f6faac58b65c7831139.jpg,9,1,0,10,Medium
MVI_20034_img00120_jpg.rf.4d84f88e2840a46e7ccea8ba365d798f.jpg,11,1,0,12,Medium
MVI_20034_img00120_jpg.rf.8ebd0732fd527ebdf655f1fcf4a8f001.jpg,10,0,0,10,Medium
MVI_20034_img00137_jpg.rf.028b435b6687a42e5855acc65694b5c1.jpg,11,1,0,12,Medium
MVI_20034_img00137_jpg.rf.7ff90b2d900860327db069a7c177d3fe.jpg,11,1,0,12,Medium
MVI_20034_img00137_jpg.rf.ced540a722d0a09e720c3509d2ede906.jpg,12,0,0,12,Medium
MVI_20034_img00151_jpg.rf.67fb5a3ae59a1be54ea885a0d969fee8.jpg,10,1,0,11,Medium
MVI_20034_img00151_jpg.rf.def0a9ba8f1868de449a067cf4aee42a.jpg,10,1,0,11,Medium
MVI_20034_img00151_jpg.rf.fd6f6e0a93f9eddcb8ee87d88fc747f7.jpg,10,1,0,11,Medium
MVI_20034_img00160_jpg.rf.26afa5572d4ab477964f09de43287219.jpg,9,1,0,10,Medium
MVI_20034_img00160_jpg.rf.63a797e4f64f246e20b4a9c7bbbe3bef.jpg,14,1,0,15,High
MVI_20034_img00160_jpg.rf.ca8d18d8dd553dbc68c7372beb9dd2de.jpg,11,0,1,12,Medium
MVI_20034_img00179_jpg.rf.06c1bb82a056d537eab6ed00b952f062.jpg,11,1,0,12,Medium
MVI_20034_img00179_jpg.rf.3129d6d14af7eac680c6f3d6066738ee.jpg,13,1,0,14,High
MVI_20034_img00179_jpg.rf.5ba7cb2467e1aef0a63ec37db5b37b1c.jpg,11,1,0,12,Medium
MVI_20034_img00185_jpg.rf.67152f50c3f080459a1f3bd841fda157.jpg,10,0,1,11,Medium
MVI_20034_img00185_jpg.rf.ab5e9458296e64e74b941ebed579d778.jpg,12,1,0,13,Medium
MVI_20034_img00185_jpg.rf.dac927be50264d702fe71c7347bd017b.jpg,9,2,1,12,Medium
MVI_20034_img00187_jpg.rf.708e37d415f8d6b86fa20a04cbbe26fb.jpg,9,0,0,9,Medium
MVI_20034_img00187_jpg.rf.b2b2434f47b0c956e1a5c09a2354140c.jpg,9,1,1,11,Medium
MVI_20034_img00187_jpg.rf.fa088a9109f866d6df5ff687d24704db.jpg,9,0,0,9,Medium
MVI_20034_img00197_jpg.rf.385c27052d32bba7deac60024986848f.jpg,7,1,0,8,Medium
MVI_20034_img00197_jpg.rf.87617eff2c54d137e28823f966fe2d28.jpg,10,2,0,12,Medium
MVI_20034_img00197_jpg.rf.96a25fa46e4b79baeef5d566764d3811.jpg,10,2,0,12,Medium
MVI_20034_img00213_jpg.rf.36682d77cc80657ff3ec5151d7baab43.jpg,9,2,0,11,Medium
MVI_20034_img00213_jpg.rf.53e299e8094c96b613493617e5a246e7.jpg,9,2,0,11,Medium
MVI_20034_img00213_jpg.rf.efa1640582cd064c3c319a0595021c8d.jpg,8,2,0,10,Medium
MVI_20034_img00269_jpg.rf.2897b48a4798e34c820fecfd3f76bb99.jpg,8,2,0,10,Medium
MVI_20034_img00269_jpg.rf.ee8f75c12a05bdfcf216cf407641aebc.jpg,13,3,0,16,High
MVI_20034_img00269_jpg.rf.f59ef04116c3d07e5ce41c86444e9967.jpg,10,3,0,13,Medium
MVI_20034_img00284_jpg.rf.1d03f92894f154d01694848d3bafcd1e.jpg,9,2,0,11,Medium
MVI_20034_img00284_jpg.rf.cc1236ce2e068a45a948ecbd89eeadcd.jpg,12,2,0,14,High
MVI_20034_img00284_jpg.rf.f7ca833bb7549ffad881e17647845942.jpg,11,2,0,13,Medium
MVI_20034_img00305_jpg.rf.77a69b1ef71430afda615ae64aca7e2e.jpg,10,2,0,12,Medium
MVI_20034_img00305_jpg.rf.8c69ec3224f31d56bee02154f22c96ca.jpg,12,3,0,15,High
MVI_20034_img00305_jpg.rf.bc02ccf602889ae88a995bd146561bc9.jpg,8,2,0,10,Medium
MVI_20034_img00312_jpg.rf.006a0d6efe43693b95ff81e8d135bb53.jpg,9,1,0,10,Medium
MVI_20034_img00312_jpg.rf.782282b767dd3959b8e3365255b240fa.jpg,11,3,0,14,High
MVI_20034_img00312_jpg.rf.b0508ecb6bc9493303c3a6d483a6a9bb.jpg,13,3,1,17,High
MVI_20034_img00325_jpg.rf.0fa3e9d547a012e6940bc22b53c14616.jpg,12,2,1,15,High
MVI_20034_img00325_jpg.rf.4ab1ec7760877e5ddf20d0a446c30072.jpg,11,3,0,14,High
MVI_20034_img00325_jpg.rf.9467d4aa456cd55db5096f55de637e09.jpg,8,2,0,10,Medium
MVI_20034_img00348_jpg.rf.2ccce3a9a1084c602d4ee7674e6bfe2b.jpg,12,3,0,15,High
MVI_20034_img00348_jpg.rf.a8858208ad4016611f4ecc797b81ca93.jpg,13,3,0,16,High
MVI_20034_img00348_jpg.rf.af504910763c4c5d90271288f78327ac.jpg,11,3,0,14,High
MVI_20034_img00379_jpg.rf.11e2b7d0df17642c53870cb13b5217f9.jpg,16,3,0,19,High
MVI_20034_img00379_jpg.rf.7c4b190ba68ccc7296a8aec1288fa3fc.jpg,15,3,0,18,High
MVI_20034_img00379_jpg.rf.cb445f71e2778a3c3aaaca403bdde216.jpg,16,3,0,19,High
MVI_20034_img00382_jpg.rf.2df29ee0586caa14810b0fa4cea0ceff.jpg,14,3,0,17,High
MVI_20034_img00382_jpg.rf.3052ff10f490fc16195928aee0ec8ed4.jpg,13,3,0,16,High
MVI_20034_img00382_jpg.rf.5fbfc446095ec26d1961643baa816733.jpg,11,3,0,14,High
MVI_20034_img00384_jpg.rf.3c8077c3840d9bf30f15b540150bae76.jpg,15,3,0,18,High
MVI_20034_img00384_jpg.rf.64ab3846287e0e053259ab3e626af76a.jpg,12,3,0,15,High
MVI_20034_img00384_jpg.rf.dbdbff6fbea65ee50560565fb9a86fd9.jpg,14,3,0,17,High
MVI_20034_img00409_jpg.rf.00e03a84ba41ecc38f112d516bb328d8.jpg,14,3,0,17,High
MVI_20034_img00409_jpg.rf.1d5d04e2f679fa67ce1b455332433aa8.jpg,14,3,0,17,High
MVI_20034_img00409_jpg.rf.f715ef9c8467e997eea92ca22534e22e.jpg,11,3,0,14,High
MVI_20034_img00412_jpg.rf.262ef3f9dbcba92e3a062dff916e8385.jpg,12,3,0,15,High
MVI_20034_img00412_jpg.rf.32261c2f1a1a6ae6fa511ed623dba1fa.jpg,12,3,0,15,High
MVI_20034_img00412_jpg.rf.af09b11ba844e818bb6df4475ba15768.jpg,14,3,0,17,High
MVI_20034_img00472_jpg.rf.1c688952882a2427615ab632495d685d.jpg,14,2,0,16,High
MVI_20034_img00472_jpg.rf.6244214dcb71181b28eb8df7c2e903c6.jpg,14,2,0,16,High
MVI_20034_img00472_jpg.rf.d29673772d81a1eb8244afe49f7df8aa.jpg,11,1,0,12,Medium
MVI_20034_img00495_jpg.rf.4638a06a991ce24f67f74603694b11b3.jpg,14,2,0,16,High
MVI_20034_img00495_jpg.rf.879676e5e17b1586a67ab8e8531f7dc7.jpg,15,2,0,17,High
MVI_20034_img00495_jpg.rf.9b25e6633d0e49bc380b1093f489f1e8.jpg,12,2,0,14,High
MVI_20034_img00526_jpg.rf.536a4f252115df0f19dcbe0a343d6d78.jpg,15,1,0,16,High
MVI_20034_img00526_jpg.rf.62806eb2e603bb21ead209f53eed13d1.jpg,15,2,0,17,High
MVI_20034_img00526_jpg.rf.b5ede254cc97f8c0156b1afc8a8d4009.jpg,14,2,0,16,High
MVI_20034_img00536_jpg.rf.53cdc40e0d6102b26093edc31a1ffe9e.jpg,15,2,0,17,High
MVI_20034_img00536_jpg.rf.92dc09861962a5e13650f0a508927061.jpg,14,2,0,16,High
MVI_20034_img00536_jpg.rf.f342dea3dc36c185431b8a27ca589181.jpg,15,2,0,17,High
MVI_20034_img00571_jpg.rf.0952abbba8db40131d9c636aebcde005.jpg,15,2,0,17,High
MVI_20034_img00571_jpg.rf.500451d5bc0c2a4bd575a5ea0973316a.jpg,17,2,0,19,High
MVI_20034_img00571_jpg.rf.7829287ed718dbb3c7c66a1f2bd1be46.jpg,16,3,0,19,High
MVI_20034_img00577_jpg.rf.963456805e1546a728d0918a9bc3e047.jpg,14,3,0,17,High
MVI_20034_img00577_jpg.rf.a290de892acbbd1414bc363ad7be3e67.jpg,17,3,0,20,High
MVI_20034_img00577_jpg.rf.faa865578e3d0394e90709918fcc5f12.jpg,15,3,0,18,High
MVI_20034_img00592_jpg.rf.94aa64a255bdd6d2ee6124c22b4ba303.jpg,14,3,0,17,High
MVI_20034_img00592_jpg.rf.b464ccd256849dac155da3c7ac26a76e.jpg,14,3,0,17,High
MVI_20034_img00592_jpg.rf.dcd11a027d64d85e765674d66165d6ab.jpg,13,2,0,15,High
MVI_20034_img00605_jpg.rf.2555a16a30e738ae41f7d21c78aca2bd.jpg,13,3,0,16,High
MVI_20034_img00605_jpg.rf.521cfdd91c3ada5fa5a9cd1bfb3e4ba7.jpg,12,2,0,14,High
MVI_20034_img00605_jpg.rf.863198a02ace0682b3e73d014d440b3c.jpg,14,2,0,16,High
MVI_20034_img00637_jpg.rf.25186c54f9305383002d41f48637da3b.jpg,13,1,0,14,High
MVI_20034_img00637_jpg.rf.60d52889e3dd354224557169c25daa71.jpg,12,1,0,13,Medium
MVI_20034_img00637_jpg.rf.a65bf66b74e82971abb59b2fbbada325.jpg,14,1,0,15,High
MVI_20034_img00641_jpg.rf.02880ca611bababd86f44be0c90fb06a.jpg,14,1,1,16,High
MVI_20034_img00641_jpg.rf.60caa235c445795ddc1641f20aa525f7.jpg,12,1,0,13,Medium
MVI_20034_img00641_jpg.rf.a4f95e47295a4a68190ff91450809cb7.jpg,14,1,0,15,High
MVI_20034_img00645_jpg.rf.47db33588e6560e6f232acc5d83e8205.jpg,14,1,0,15,High
MVI_20034_img00645_jpg.rf.eb5d6b63787c530a3325f7e626bd488c.jpg,15,1,0,16,High
MVI_20034_img00645_jpg.rf.f00687e20d7d1861fd9f5d6c6858861c.jpg,11,1,0,12,Medium
MVI_20034_img00648_jpg.rf.9de6f1d1998ed6b7c4bbb6ea94c23570.jpg,11,1,0,12,Medium
MVI_20034_img00648_jpg.rf.a5392f5820509bd1348da5a8bc5b8743.jpg,12,1,0,13,Medium
MVI_20034_img00648_jpg.rf.b42f2ba6288c0f4fdcb4b53919051385.jpg,13,1,0,14,High
MVI_20034_img00654_jpg.rf.22173c34d456c905d751a313eb143395.jpg,11,2,0,13,Medium
MVI_20034_img00654_jpg.rf.573258d9898968f7dc56e6679204f7d2.jpg,13,1,0,14,High
MVI_20034_img00654_jpg.rf.be3621336b78ad13cf6ce2a85484d74e.jpg,14,1,0,15,High
MVI_20034_img00656_jpg.rf.4878ada2a2704ce3867994f08ebd4645.jpg,13,1,0,14,High
MVI_20034_img00656_jpg.rf.edca3abd74b4f870e2a2478a8888a632.jpg,13,1,0,14,High
MVI_20034_img00656_jpg.rf.fb44638cc5e66d7f3329a56048978152.jpg,11,1,0,12,Medium
MVI_20034_img00692_jpg.rf.3c60a5340958571d667ef4c1ee59f87e.jpg,14,1,0,15,High
MVI_20034_img00692_jpg.rf.56274b07b1a1ab1a8441daa7600c1603.jpg,13,1,1,15,High
MVI_20034_img00692_jpg.rf.e86ed2afd57baa6ab090777dea43bce1.jpg,12,2,0,14,High
MVI_20034_img00771_jpg.rf.14cd21fdee20a8ba4ac9e441c6197981.jpg,17,0,0,17,High
MVI_20034_img00771_jpg.rf.cb65e2a7916e7aff35fe77d7d5d53ac3.jpg,15,0,0,15,High
MVI_20034_img00771_jpg.rf.ce206dfd7a13de7f4b64c79989887902.jpg,15,0,0,15,High
MVI_20034_img00784_jpg.rf.77c1c6a15ec06d2366ab1ffb332b97b2.jpg,16,0,0,16,High
MVI_20034_img00784_jpg.rf.bc82890aad08977fc3bd7cee3b1dd0c4.jpg,16,0,0,16,High
MVI_20034_img00784_jpg.rf.ea7338b47c655f7be6f72e80a49e94b4.jpg,16,0,0,16,High
MVI_20035_img00044_jpg.rf.09f07677ab9601a611f5e44b04b86241.jpg,16,0,0,16,High
MVI_20035_img00044_jpg.rf.6ce9c4941570a2f14526ba92b5ba36eb.jpg,14,0,0,14,High
MVI_20035_img00044_jpg.rf.93a7a20a5efae48bda512f3c2d79b3d2.jpg,16,0,0,16,High
MVI_20035_img00053_jpg.rf.73f59144db31bc7e768d854a755d66f6.jpg,14,0,0,14,High
MVI_20035_img00053_jpg.rf.a8dc73bdab9359144d5f6ecdbae687d0.jpg,13,0,0,13,Medium
MVI_20035_img00053_jpg.rf.d0ee2037aa9e0c36ff3e0efe181f43ed.jpg,13,0,0,13,Medium
MVI_20035_img00103_jpg.rf.03cb58481972d3e052c7df21b193e490.jpg,13,0,0,13,Medium
MVI_20035_img00103_jpg.rf.594c50fff297650a99935c03fe4d5cc2.jpg,15,0,0,15,High
MVI_20035_img00103_jpg.rf.dbeeb592ce0188972a625421fa3ea605.jpg,15,0,0,15,High
MVI_20035_img00109_jpg.rf.4640b7c529919f1c7efe74553576b5f8.jpg,13,0,0,13,Medium
MVI_20035_img00109_jpg.rf.8d41a6ac7335b074f3c3ba24caeddd35.jpg,15,0,0,15,High
MVI_20035_img00109_jpg.rf.c8eb8add030e0411b1dbb38e87af2d72.jpg,15,0,0,15,High
MVI_20035_img00112_jpg.rf.347ff50ccae9b692da56c110797e4a2b.jpg,14,0,0,14,High
MVI_20035_img00112_jpg.rf.60be5765961939a0e8ee48437f5d664d.jpg,17,0,0,17,High
MVI_20035_img00112_jpg.rf.dddc06570ecc36092bb22ca1b110899c.jpg,14,0,0,14,High
MVI_20035_img00115_jpg.rf.107b6513df060c8d4b0942b7bb003701.jpg,12,0,0,12,Medium
MVI_20035_img00115_jpg.rf.2386fc05477ea3ffcc147feffc6c2676.jpg,15,0,0,15,High
MVI_20035_img00115_jpg.rf.4fbec44b2522754ee52802c91b3a9bf2.jpg,16,0,0,16,High
MVI_20035_img00128_jpg.rf.0531921462997aefdae2ce5d46be44a5.jpg,15,0,0,15,High
MVI_20035_img00128_jpg.rf.096fe56666831cf501d5b2150e7691bc.jpg,15,1,0,16,High
MVI_20035_img00128_jpg.rf.79b7b1f78ebe004267376e78d9547b48.jpg,14,0,0,14,High
MVI_20035_img00133_jpg.rf.8e0163d884e2e5fc1ba0d142b4e2cfee.jpg,17,0,0,17,High
MVI_20035_img00133_jpg.rf.add3474ac942093e96fe1bdc44d7d6d6.jpg,15,0,1,16,High
MVI_20035_img00133_jpg.rf.deccb1d3c8775923003fc12daf6d65b4.jpg,15,0,0,15,High
MVI_20035_img00148_jpg.rf.0fc37540d0510e62d170e36e816a078c.jpg,16,0,0,16,High
MVI_20035_img00148_jpg.rf.11504ad286e01ae737c235447ebfa5ca.jpg,17,0,0,17,High
MVI_20035_img00148_jpg.rf.865858b2f102d91259e7e31a1221285a.jpg,15,1,0,16,High
MVI_20035_img00158_jpg.rf.36be2acd6fddfae6fb953f128fb483da.jpg,14,1,0,15,High
MVI_20035_img00158_jpg.rf.49391dd5ab7a3abfa0e9586bf4360b7d.jpg,15,1,0,16,High
MVI_20035_img00158_jpg.rf.688bd45296cda9bd58dcffb791804f8b.jpg,14,0,0,14,High
MVI_20035_img00177_jpg.rf.7ea6932e61e6890848bc70bcb16009ac.jpg,16,1,0,17,High
MVI_20035_img00177_jpg.rf.c7a89e8531bb82c1d4b61c4ff215b7ab.jpg,15,0,0,15,High
MVI_20035_img00177_jpg.rf.e1646a6f584b4ec6889473c667fb4fa5.jpg,19,1,0,20,High
MVI_20035_img00213_jpg.rf.61db6de2d613d1ccdf68a8d56c46375e.jpg,15,0,0,15,High
MVI_20035_img00213_jpg.rf.a6f1fc1d2975d466ed78436f379314e5.jpg,15,1,0,16,High
MVI_20035_img00213_jpg.rf.a8188743fadce4ef252a425f00bbe391.jpg,15,0,0,15,High
MVI_20035_img00325_jpg.rf.51958a14b66fd13975e2aebb22c6a59b.jpg,20,0,0,20,High
MVI_20035_img00325_jpg.rf.6f693c5c20ee531413e168204ca9e360.jpg,16,0,0,16,High
MVI_20035_img00325_jpg.rf.75ad5ad4dfc618221d0a6f87c48c7202.jpg,13,1,0,14,High
MVI_20035_img00336_jpg.rf.242700a67f6d516abec0a27faad439c7.jpg,15,0,0,15,High
MVI_20035_img00336_jpg.rf.5569fc8ac81263c21cdd410cdc91f042.jpg,16,0,0,16,High
MVI_20035_img00336_jpg.rf.73ac3a230b0f6542c9c386f7c283f1be.jpg,20,0,0,20,High
MVI_20035_img00356_jpg.rf.02706b09b648de600d73f792adca5a2a.jpg,18,0,0,18,High
MVI_20035_img00356_jpg.rf.cc4cb2679434894dddab3659e2d967f4.jpg,18,0,0,18,High
MVI_20035_img00356_jpg.rf.f676b9983385f342f0faa635ba725327.jpg,18,0,0,18,High
MVI_20035_img00362_jpg.rf.50578ccb284bb31608a19061b857ea82.jpg,18,0,0,18,High
MVI_20035_img00362_jpg.rf.ad2a8000d0d50ee59ae363d3a7c88b21.jpg,17,0,0,17,High
MVI_20035_img00362_jpg.rf.b81ea2dde98e713e5501be67271f2a53.jpg,18,0,0,18,High
MVI_20035_img00367_jpg.rf.01ada7de9add6224f0f64fd5b3955a32.jpg,17,0,0,17,High
MVI_20035_img00367_jpg.rf.649ac06a2f79dc8a2ce6686585fcb05a.jpg,16,0,0,16,High
MVI_20035_img00367_jpg.rf.7efd868d6adbb7adfff5b9636b98d9d8.jpg,15,0,0,15,High
MVI_20035_img00377_jpg.rf.0518666ab2e84da17ac0e87317910d15.jpg,18,0,0,18,High
MVI_20035_img00377_jpg.rf.6893bcdcbebd8456860c808daa3f179f.jpg,11,1,0,12,Medium
MVI_20035_img00377_jpg.rf.d6aad6e4fe57bbf94dcb6a03de676deb.jpg,18,0,0,18,High
MVI_20035_img00406_jpg.rf.1a1a28cfbc6a78987f8eae3d1f8c14eb.jpg,14,0,0,14,High
MVI_20035_img00406_jpg.rf.339d3743a7689542ed11b83cee637583.jpg,15,0,0,15,High
MVI_20035_img00406_jpg.rf.55ad44bfc441be3d9969c540085687e1.jpg,19,0,0,19,High
MVI_20035_img00431_jpg.rf.0c464933f4c1519b2c5bfee57571dd72.jpg,15,0,0,15,High
MVI_20035_img00431_jpg.rf.116dc39c4172717bed99d909caae50e2.jpg,15,0,0,15,High
MVI_20035_img00431_jpg.rf.ac6299b35c98b8aaa06bc5fdc03c2d44.jpg,12,0,0,12,Medium
MVI_20035_img00451_jpg.rf.210a39480af4a478740c0d894e0b7447.jpg,17,0,0,17,High
MVI_20035_img00451_jpg.rf.f07064ff9dabf00ad7a679b3e556e92f.jpg,17,0,0,17,High
MVI_20035_img00451_jpg.rf.f91f0f80fa990eb233e35bb8bf722923.jpg,18,0,0,18,High
MVI_20035_img00460_jpg.rf.523de83bedcc074c8140f76e6ff51b7e.jpg,20,0,0,20,High
MVI_20035_img00460_jpg.rf.97ca7e0e959ced4daa792bf9fb8d7f47.jpg,16,0,0,16,High
MVI_20035_img00460_jpg.rf.f7ce614529c6ed0339be77b4f24cc9d5.jpg,16,0,0,16,High
MVI_20035_img00462_jpg.rf.12b81153e8af4b4d2158b1c3506d2a04.jpg,17,0,0,17,High
MVI_20035_img00462_jpg.rf.66fa41a7e109073f99fe45f47c70b4e5.jpg,17,0,0,17,High
MVI_20035_img00462_jpg.rf.8f2208a4bb499b3dec1617e70fba0a78.jpg,19,0,0,19,High
MVI_20035_img00469_jpg.rf.73d31ddf0247eb71806713ff7bd617cb.jpg,16,0,0,16,High
MVI_20035_img00469_jpg.rf.83d01cdb0ea49266b509f1fea819cad2.jpg,13,0,0,13,Medium
MVI_20035_img00469_jpg.rf.e9e4f3988ea94270f7cbecde544082a6.jpg,13,0,0,13,Medium
MVI_20035_img00483_jpg.rf.3dadb0c600fac3dfecc9694092ecef70.jpg,15,0,0,15,High
MVI_20035_img00483_jpg.rf.8603dfef490d3101a6a4d1973e33002c.jpg,14,0,0,14,High
MVI_20035_img00483_jpg.rf.bc9bb21b63e992c62323ae2a2fdfc258.jpg,13,0,0,13,Medium
MVI_20035_img00505_jpg.rf.3a94baf285707bc132e7f2f77182523b.jpg,18,0,0,18,High
MVI_20035_img00505_jpg.rf.8f300a286bce71fe27b790055610a6e7.jpg,18,0,0,18,High
MVI_20035_img00505_jpg.rf.de1546f88d9521fe382303335450937d.jpg,18,0,0,18,High
MVI_20035_img00514_jpg.rf.65dd00be46a2aeb03137fa9165a0a419.jpg,16,0,0,16,High
MVI_20035_img00514_jpg.rf.8bea1b7e1d083b07f78e06cb2b9e2fb8.jpg,14,0,0,14,High
MVI_20035_img00514_jpg.rf.b00dac06b2b378d5e649e1abfcbfd309.jpg,13,0,0,13,Medium
MVI_20035_img00526_jpg.rf.6c6550e63816d24be6790302b920be0d.jpg,17,0,0,17,High
MVI_20035_img00526_jpg.rf.b3adfc54f6d28264b28896cdb9363ab7.jpg,18,0,0,18,High
MVI_20035_img00526_jpg.rf.cc57c3bdb2d5efe9c2dadd91d39eaa17.jpg,18,0,0,18,High
MVI_20035_img00552_jpg.rf.1c123a4a747a4df698e504767e2aba3a.jpg,19,0,0,19,High
MVI_20035_img00552_jpg.rf.9e0f8eef8a83d1755815a2b05658ba7e.jpg,16,0,0,16,High
MVI_20035_img00552_jpg.rf.cbc2e83edc7bc781f4ad52e360276737.jpg,19,0,0,19,High
MVI_20035_img00571_jpg.rf.8519e395414f876b042ff078ea1f967a.jpg,14,0,0,14,High
MVI_20035_img00571_jpg.rf.d958748dfc9961948d8d01841427416b.jpg,15,1,0,16,High
MVI_20035_img00571_jpg.rf.e072d0c4075a78e5ee4b9f9555253539.jpg,16,0,0,16,High
MVI_20035_img00581_jpg.rf.2dbd9c30cc6098baf5b2ab852b70b70d.jpg,13,0,0,13,Medium
MVI_20035_img00581_jpg.rf.4c3a741c5e61a466c928cc575e7048c4.jpg,17,0,0,17,High
MVI_20035_img00581_jpg.rf.f149ea646be6fbf72ffd58fb019464c5.jpg,16,0,0,16,High
MVI_20035_img00583_jpg.rf.4a39f99048d1f3cef83fb0682be2017a.jpg,16,0,0,16,High
MVI_20035_img00583_jpg.rf.bb8a19e3320fcfb53ca11251f9756b35.jpg,14,0,0,14,High
MVI_20035_img00583_jpg.rf.db608619272d238c4ea74588be0642e5.jpg,16,0,0,16,High
MVI_20035_img00589_jpg.rf.06bfe92120fa1cd35ba44f0f72745169.jpg,17,0,0,17,High
MVI_20035_img00589_jpg.rf.43641603305e2e312d44d8b8e9bab31f.jpg,16,0,0,16,High
MVI_20035_img00589_jpg.rf.f0beb1f32372ea1ed9efa02a695e505d.jpg,18,0,0,18,High
MVI_20035_img00601_jpg.rf.085585feec9c73e10bd0e15d27aeab5f.jpg,18,0,0,18,High
MVI_20035_img00601_jpg.rf.bedacb0cca5c1c0b2d536915a81dc2ac.jpg,18,0,0,18,High
MVI_20035_img00601_jpg.rf.fe107cd925d100de88c1b470c640e18e.jpg,19,0,0,19,High
MVI_20035_img00636_jpg.rf.1428926ee256c223150809f7285ed74f.jpg,19,0,0,19,High
MVI_20035_img00636_jpg.rf.834a367c480e2c1b3e57bae1b9d9227e.jpg,22,0,0,22,High
MVI_20035_img00636_jpg.rf.bbdf8c2e28c6a6687adc3a3b343b7594.jpg,20,0,0,20,High
MVI_20035_img00666_jpg.rf.2ece19f8f469bd79c3be92cda4a3912a.jpg,14,0,0,14,High
MVI_20035_img00666_jpg.rf.6112d882dd3dbb290e7ba382ef222a69.jpg,17,0,0,17,High
MVI_20035_img00666_jpg.rf.ea924f38769126b95c1de3b2ba97803e.jpg,19,0,0,19,High
MVI_20035_img00690_jpg.rf.41a6d8d91125c0e7aff0128f696b36ce.jpg,18,0,0,18,High
MVI_20035_img00690_jpg.rf.7b47093030b5e301c8ecdb05929dcd0d.jpg,16,0,0,16,High
MVI_20035_img00690_jpg.rf.9f78763eb7474ca4504c9fc304031be6.jpg,16,0,0,16,High
MVI_20035_img00721_jpg.rf.500885d3dc461cb90334d6f78a0519eb.jpg,16,0,0,16,High
MVI_20035_img00721_jpg.rf.65a137d562bfe786aa1f9911617bdbf6.jpg,15,0,0,15,High
MVI_20035_img00721_jpg.rf.aff0d5439ef67dc06f8bf3a5b28aa299.jpg,16,0,0,16,High
MVI_20035_img00738_jpg.rf.02c12a70ed02a4e9c5f15638254ef6e3.jpg,15,0,0,15,High
MVI_20035_img00738_jpg.rf.a037f8815270904887af71ca738fc413.jpg,14,0,0,14,High
MVI_20035_img00738_jpg.rf.b274e738399709a664f3dd7a77e13220.jpg,13,0,0,13,Medium
MVI_20035_img00798_jpg.rf.3d46190b6ea215e10717646733971c32.jpg,12,0,0,12,Medium
MVI_20035_img00798_jpg.rf.ca650cee16cb8cc0f56f624a7091d395.jpg,13,0,0,13,Medium
MVI_20035_img00798_jpg.rf.e13694e6c5825bc8758b6125635f9f5d.jpg,14,0,0,14,High
MVI_20051_img00027_jpg.rf.11b9554527ed44e8e51509c4671ccf91.jpg,13,2,0,15,High
MVI_20051_img00027_jpg.rf.7461898bffce063d85ae89d19f19f224.jpg,10,1,0,11,Medium
MVI_20051_img00027_jpg.rf.cdb72693790e1d987feebb667e9e99a3.jpg,11,2,0,13,Medium
MVI_20051_img00028_jpg.rf.8a7f2cb7fab733868968af5fb9b78739.jpg,8,3,0,11,Medium
MVI_20051_img00028_jpg.rf.8d4b78820be459dcb22db863263df7fc.jpg,12,1,0,13,Medium
MVI_20051_img00028_jpg.rf.9ac0c7c7ff9ef02360d513d32aa4dd85.jpg,9,0,0,9,Medium
MVI_20051_img00035_jpg.rf.69077f9eebab698f25ef5b6abb8bbfc2.jpg,12,0,0,12,Medium
MVI_20051_img00035_jpg.rf.b13ceaca5269f9fa50308f641f6a6a99.jpg,9,0,1,10,Medium
MVI_20051_img00035_jpg.rf.beabc5b348b554e2dc1b0ad0d1a739a4.jpg,14,0,0,14,High
MVI_20051_img00038_jpg.rf.35162e953c82983d97ee28f82e580d3c.jpg,11,0,0,11,Medium
MVI_20051_img00038_jpg.rf.7cdd56b497ff800c50c496def2643445.jpg,9,0,0,9,Medium
MVI_20051_img00038_jpg.rf.f663bcee6d904367b0d9ce1f2e536a22.jpg,13,0,0,13,Medium
MVI_20051_img00059_jpg.rf.4e2bba01a2ddb67c390ebe041e14f744.jpg,13,1,0,14,High
MVI_20051_img00059_jpg.rf.7e97f8b93111eab959761e44ed89e438.jpg,11,0,0,11,Medium
MVI_20051_img00059_jpg.rf.d3114871cbc21b3f3f7be017851bc03e.jpg,13,1,0,14,High
MVI_20051_img00061_jpg.rf.14849b29f8fffea145311cccf0c3738d.jpg,12,2,0,14,High
MVI_20051_img00061_jpg.rf.9c47964abaf44dbb406f956852b1e660.jpg,12,1,0,13,Medium
MVI_20051_img00061_jpg.rf.e526fa368350c8b63f0f273c5c3d4ed8.jpg,13,1,0,14,High
MVI_20051_img00062_jpg.rf.5553cc775adc2046162ac29e94f4f97b.jpg,10,2,0,12,Medium
MVI_20051_img00062_jpg.rf.64eb4a296bfc6a93ecd710c22c7af224.jpg,12,1,0,13,Medium
MVI_20051_img00062_jpg.rf.962aa4ad7c0da865c6f1dc6bfa17dd39.jpg,11,0,0,11,Medium
MVI_20051_img00087_jpg.rf.0c4c17af550754deed02cd74290ea5d9.jpg,12,1,0,13,Medium
MVI_20051_img00087_jpg.rf.5f8d80d9d806df8647f17762e6b703c9.jpg,9,0,0,9,Medium
MVI_20051_img00087_jpg.rf.b6667cc1ffd2f3bb369e9685995215bc.jpg,9,1,0,10,Medium
MVI_20051_img00096_jpg.rf.074dd35c085025690fb89669d7798688.jpg,8,1,0,9,Medium
MVI_20051_img00096_jpg.rf.3d56b2ee03128db266fbe128545caca6.jpg,9,1,0,10,Medium
MVI_20051_img00096_jpg.rf.a2c78a7a460f485eade7a29300338c50.jpg,11,1,0,12,Medium
MVI_20051_img00143_jpg.rf.2801505a5666373c54a69f90ef275fd8.jpg,10,1,0,11,Medium
MVI_20051_img00143_jpg.rf.def96e6569926e536c98b5933da9fb29.jpg,10,1,0,11,Medium
MVI_20051_img00143_jpg.rf.f276b2f93b25b64eb27a2e1ce9067df6.jpg,11,1,0,12,Medium
MVI_20051_img00164_jpg.rf.18f4b085fe060b6bb341f2c5348c9569.jpg,9,1,1,11,Medium
MVI_20051_img00164_jpg.rf.671f23a2594b27a07c764e15898f5f03.jpg,10,2,0,12,Medium
MVI_20051_img00164_jpg.rf.ac5019511a80452567d2a90ceafb5b13.jpg,9,1,0,10,Medium
MVI_20051_img00172_jpg.rf.97f376a357e46e4d0cce2553b28fc6df.jpg,9,2,0,11,Medium
MVI_20051_img00172_jpg.rf.b8a3e908637ec2dc7905c8211085dcdc.jpg,9,1,0,10,Medium
MVI_20051_img00172_jpg.rf.c7f88d565da5f21149221a15613819ab.jpg,10,1,0,11,Medium
MVI_20051_img00191_jpg.rf.1795d7199a22941043bbac0af7db8a8f.jpg,11,1,0,12,Medium
MVI_20051_img00191_jpg.rf.d7762b04c82cf762c81fdbd1082d2263.jpg,9,2,0,11,Medium
MVI_20051_img00191_jpg.rf.ef5b251d500055119465441335c9225e.jpg,11,1,0,12,Medium
MVI_20051_img00221_jpg.rf.1368dc6c018050ef50512c6635789467.jpg,13,0,0,13,Medium
MVI_20051_img00221_jpg.rf.815a1187f7ae4115aab37762e347ff15.jpg,10,1,0,11,Medium
MVI_20051_img00221_jpg.rf.c47876b36c5d219c1e1ba79c501673ff.jpg,12,1,0,13,Medium
MVI_20051_img00251_jpg.rf.a7f1e25594cb7f4f94c341b4a0868cb5.jpg,12,1,0,13,Medium
MVI_20051_img00251_jpg.rf.c133b8032672bf35f4c1e4afb07674a2.jpg,10,1,0,11,Medium
MVI_20051_img00251_jpg.rf.f01ec8d56361f863e1e05f953034b098.jpg,10,1,0,11,Medium
MVI_20051_img00269_jpg.rf.220bfb5791f979dd5c514492a3d271ed.jpg,12,1,0,13,Medium
MVI_20051_img00269_jpg.rf.97cf1db88bcd5002f684058c148b1329.jpg,12,2,0,14,High
MVI_20051_img00269_jpg.rf.bff2ba88807ecd7cf4e140e4f60e90c0.jpg,13,1,0,14,High
MVI_20051_img00284_jpg.rf.42054c520225e32a8985477555cf3bca.jpg,12,1,0,13,Medium
MVI_20051_img00284_jpg.rf.7031549327c3b0326e89c8163458ec99.jpg,13,1,0,14,High
MVI_20051_img00284_jpg.rf.c209852617ec65dc36661b4adbeec4dd.jpg,13,1,0,14,High
MVI_20051_img00297_jpg.rf.03e02910ce611c77cfd24198fbcd5785.jpg,11,1,0,12,Medium
MVI_20051_img00297_jpg.rf.561f76d62f151fd4b001744448cbf697.jpg,11,2,0,13,Medium
MVI_20051_img00297_jpg.rf.d4e491c46c1014a5d11328c279ac558e.jpg,14,1,0,15,High
MVI_20051_img00362_jpg.rf.763b67b26acb812c708eb911e834c276.jpg,10,1,0,11,Medium
MVI_20051_img00362_jpg.rf.ca0b675be373f40146b7db59b6f01330.jpg,10,1,0,11,Medium
MVI_20051_img00362_jpg.rf.dd8a48056297ea314aad407946499c4a.jpg,11,1,0,12,Medium
MVI_20051_img00404_jpg.rf.58a09c83da73f3973242b45887ee4182.jpg,12,1,1,14,High
MVI_20051_img00404_jpg.rf.882d1984eba331d7707addbd13f08a37.jpg,11,1,0,12,Medium
MVI_20051_img00404_jpg.rf.eb6103fedae8dde2c6860cc581c97aae.jpg,13,1,0,14,High
MVI_20051_img00409_jpg.rf.482b74f3ef0a931cb1c5f62022bbf3df.jpg,10,1,0,11,Medium
MVI_20051_img00409_jpg.rf.8625000f04c97ee3fc87f71bbdee6704.jpg,9,1,0,10,Medium
MVI_20051_img00409_jpg.rf.af7e67660b69d032dca4991ab79a5fd4.jpg,10,2,0,12,Medium
MVI_20051_img00426_jpg.rf.c9467187d5052006c3ddc0d9d30983b6.jpg,8,1,0,9,Medium
MVI_20051_img00426_jpg.rf.f33f10221b8d6b9a68027907ab5268b3.jpg,10,1,0,11,Medium
MVI_20051_img00426_jpg.rf.fa9ade5d890eac0ad5affeb62c067645.jpg,10,1,0,11,Medium
MVI_20051_img00433_jpg.rf.5dc48f89081430037629f94aebb364d7.jpg,9,1,0,10,Medium
MVI_20051_img00433_jpg.rf.98e6f4232a2a6bced8749ba5e95e521c.jpg,7,1,1,9,Medium
MVI_20051_img00433_jpg.rf.e5a0b94252416e3d2b2ee2257a0fcc1b.jpg,10,1,0,11,Medium
MVI_20051_img00491_jpg.rf.0efc20a1efb12db52e5cdee3704866fb.jpg,12,1,0,13,Medium
MVI_20051_img00491_jpg.rf.4c1014bfa79ff9950d3d7d85cbeb70b9.jpg,6,1,0,7,Low
MVI_20051_img00491_jpg.rf.86a8d46c24e9e4206950d8ecc7719400.jpg,9,1,0,10,Medium
MVI_20051_img00518_jpg.rf.0ee2e64a077be19a46f70349021cd31a.jpg,6,1,0,7,Low
MVI_20051_img00518_jpg.rf.2bd942e45452b162d8927c4c65f349e4.jpg,7,1,0,8,Medium
MVI_20051_img00518_jpg.rf.449ecd572b72ba2b01b0fd1c284749ae.jpg,8,1,0,9,Medium
MVI_20051_img00554_jpg.rf.32433e8d8a47a12181f2257c76ee8bb5.jpg,8,1,0,9,Medium
MVI_20051_img00554_jpg.rf.7fdb499f1acd480e0849c0fbefe53412.jpg,8,1,0,9,Medium
MVI_20051_img00554_jpg.rf.bf17cad223b1a3cf685a804d2b64621a.jpg,8,1,0,9,Medium
MVI_20051_img00579_jpg.rf.656f450050f4787fe466762add36d7ab.jpg,9,1,0,10,Medium
MVI_20051_img00579_jpg.rf.6f29b8f51aea92f909a001c712831187.jpg,8,1,0,9,Medium
MVI_20051_img00579_jpg.rf.818f053c047e220e838a9d6b74f4e42e.jpg,8,1,0,9,Medium
MVI_20051_img00580_jpg.rf.3be05f29c8fd62f3541d7c9ffb457011.jpg,8,2,0,10,Medium
MVI_20051_img00580_jpg.rf.4b154c34978e1a62871f00a96a1f81f2.jpg,8,1,0,9,Medium
MVI_20051_img00580_jpg.rf.dd71f5f7e849fb14d413fd888925dd25.jpg,8,1,0,9,Medium
MVI_20051_img00593_jpg.rf.a3f653d9d581ce8f389dd9d04e300673.jpg,8,0,1,9,Medium
MVI_20051_img00593_jpg.rf.a9ea6e610c3d1a0bd3b1f6f7754e49d6.jpg,9,1,0,10,Medium
MVI_20051_img00593_jpg.rf.d372aedb6427a6da7134a841fb03ff5d.jpg,10,1,0,11,Medium
MVI_20051_img00613_jpg.rf.61251cc3e79c853267364ae966e41450.jpg,11,1,0,12,Medium
MVI_20051_img00613_jpg.rf.bd75c674f36dec1e31b507abd62c4927.jpg,10,1,0,11,Medium
MVI_20051_img00613_jpg.rf.e62757f5798583e572e87df6c675b983.jpg,11,1,0,12,Medium
MVI_20051_img00631_jpg.rf.1505429c9d77684c4eb79296dba8cc62.jpg,12,1,0,13,Medium
MVI_20051_img00631_jpg.rf.4cdd1bcd70aa9276ce25f86d31ac3fa5.jpg,9,2,0,11,Medium
MVI_20051_img00631_jpg.rf.6e547f2dd9d7d53610a30769ea20b13c.jpg,10,1,0,11,Medium
MVI_20051_img00655_jpg.rf.a1d1eed546afcba7573746ee366397de.jpg,11,2,0,13,Medium
MVI_20051_img00655_jpg.rf.d3cf7ba5d01730b2d41cbbc9c4618679.jpg,11,2,0,13,Medium
MVI_20051_img00655_jpg.rf.f57d3a6a1195eaed67072a002bde274b.jpg,11,0,1,12,Medium
MVI_20051_img00671_jpg.rf.3f5603c76d868a5bf1678671747d51dc.jpg,11,2,1,14,High
MVI_20051_img00671_jpg.rf.85863f0207bb322fbad2d404359b0446.jpg,7,1,1,9,Medium
MVI_20051_img00671_jpg.rf.ec415a63303f7e819ca434f4117e715e.jpg,11,2,1,14,High
MVI_20051_img00706_jpg.rf.58f9e4486e499fcc8201ac1f8fe42ede.jpg,7,1,0,8,Medium
MVI_20051_img00706_jpg.rf.ae815d62afde261a84dd80f437f25719.jpg,8,1,0,9,Medium
MVI_20051_img00706_jpg.rf.ee81683e5cf2cd551342201d7644be91.jpg,7,0,1,8,Medium
MVI_20051_img00721_jpg.rf.47340bb74c3af3d027263c82b0858f01.jpg,9,0,1,10,Medium
MVI_20051_img00721_jpg.rf.a1022321799134dec81981ed8f909dd9.jpg,11,0,1,12,Medium
MVI_20051_img00721_jpg.rf.c971a4900a59a7d0832c8baf3bb49d7c.jpg,11,1,0,12,Medium
MVI_20051_img00723_jpg.rf.00be79b2b00c51df3f88c33873c93448.jpg,10,1,0,11,Medium
MVI_20051_img00723_jpg.rf.34f176da08c5019fdd56dba549fd402e.jpg,9,1,0,10,Medium
MVI_20051_img00723_jpg.rf.a0a6a75028d42561d85798445733f3d7.jpg,12,1,1,14,High
MVI_20051_img00733_jpg.rf.21a5256825c205f8a55be2a121d6a515.jpg,15,1,0,16,High
MVI_20051_img00733_jpg.rf.4e9d4f6cc94b79c67e77b5d88308beda.jpg,12,1,0,13,Medium
MVI_20051_img00733_jpg.rf.efc40fdbf73130e1493e503f4f5714a5.jpg,15,2,0,17,High
MVI_20051_img00817_jpg.rf.15144e0ab85822eefb70384041a8253c.jpg,12,0,0,12,Medium
MVI_20051_img00817_jpg.rf.75ef13c2231c6dcc6b06302c6701b87b.jpg,15,1,0,16,High
MVI_20051_img00817_jpg.rf.fe478e4b63b85da65245db44beb87e04.jpg,12,0,0,12,Medium
MVI_20051_img00818_jpg.rf.6c10e01b962d0a96c7c2b31fbcaecf10.jpg,16,1,0,17,High
MVI_20051_img00818_jpg.rf.acd5555081792874764ca2b5ceecbeae.jpg,11,0,0,11,Medium
MVI_20051_img00818_jpg.rf.dca1249781404e62f0f4aed41b967bd2.jpg,14,0,0,14,High
MVI_20051_img00847_jpg.rf.3d91329e22e3d8b79e0570088f47734d.jpg,16,2,0,18,High
MVI_20051_img00847_jpg.rf.6b69236757d401febaf67d065291c5b2.jpg,12,0,0,12,Medium
MVI_20051_img00847_jpg.rf.a003d9ffba2aebb5b0b1a5e22a1a214f.jpg,12,0,0,12,Medium
MVI_20051_img00853_jpg.rf.857a8693631e9ec3a9b4f673fbd32f2e.jpg,11,0,0,11,Medium
MVI_20051_img00853_jpg.rf.926fc55b97f4f65f537bf96e942653c5.jpg,12,0,0,12,Medium
MVI_20051_img00853_jpg.rf.f22ee07a840380372234c4251de56de4.jpg,11,1,0,12,Medium
MVI_20051_img00857_jpg.rf.3f8bc506fa6d3cd90fdab737e8512b6f.jpg,10,1,0,11,Medium
MVI_20051_img00857_jpg.rf.7fae9f40fed23975ae583da4827b860e.jpg,11,0,1,12,Medium
MVI_20051_img00857_jpg.rf.e806c9fd49eb79cb409bbd85d3743b4f.jpg,11,0,0,11,Medium
MVI_20051_img00867_jpg.rf.1f55be6c2e5f2c8fad70c5789f7a5bf7.jpg,10,1,0,11,Medium
MVI_20051_img00867_jpg.rf.94341c2f898dcc16aca5e519eb5a79a4.jpg,10,0,0,10,Medium
MVI_20051_img00867_jpg.rf.b636098fe65e82e31198c92af0aefc44.jpg,9,0,0,9,Medium
MVI_20051_img00883_jpg.rf.0449971aebb4a508cf4fc771e279ba64.jpg,10,0,0,10,Medium
MVI_20051_img00883_jpg.rf.62228e1d629604395e8610e34c8d3048.jpg,12,0,0,12,Medium
MVI_20051_img00883_jpg.rf.90c2f506c6444917f29231caa4e68beb.jpg,13,0,0,13,Medium
MVI_20052_img00007_jpg.rf.aae5b30eaddcfa6bad9364d804418c09.jpg,13,0,0,13,Medium
MVI_20052_img00007_jpg.rf.cc89529dcefe49b84042519e0df60fa4.jpg,15,0,0,15,High
MVI_20052_img00007_jpg.rf.d813908ed806606b369e0b4338e90388.jpg,13,0,0,13,Medium
MVI_20052_img00030_jpg.rf.02d611a8939efa300ef5db789ea52534.jpg,12,1,0,13,Medium
MVI_20052_img00030_jpg.rf.6c880b4430db92670927a9d639612a5d.jpg,10,1,0,11,Medium
MVI_20052_img00030_jpg.rf.af31353a34a2cb774f1fa7d669595d58.jpg,14,0,0,14,High
MVI_20052_img00054_jpg.rf.7c7578186c2cc7e32734d5d831042fea.jpg,15,0,0,15,High
MVI_20052_img00054_jpg.rf.cc1a6c812c61d5f563fdc1aa2903d018.jpg,15,0,0,15,High
MVI_20052_img00054_jpg.rf.ff09c574e636af4ce356d24c501f8484.jpg,11,0,0,11,Medium
MVI_20052_img00070_jpg.rf.53a896b7857acf7e537bd167220f9b8e.jpg,12,1,0,13,Medium
MVI_20052_img00070_jpg.rf.cf062c575f9d689c8e6617c0da21ca2e.jpg,13,1,0,14,High
MVI_20052_img00070_jpg.rf.f591ea8dadf3b5bdbab279632fa88357.jpg,13,0,0,13,Medium
MVI_20052_img00076_jpg.rf.23f2689bad303b0f15156040e64e02b5.jpg,14,0,0,14,High
MVI_20052_img00076_jpg.rf.b00debe24d20b647cdbee841dfba38a8.jpg,11,1,0,12,Medium
MVI_20052_img00076_jpg.rf.e3c26b863c5986cf042d1901410e1908.jpg,11,0,0,11,Medium
MVI_20052_img00111_jpg.rf.112ecf90fa4f204c24835e633ed2850e.jpg,11,0,0,11,Medium
MVI_20052_img00111_jpg.rf.69a414b817bc78a3fddd12cef27a2082.jpg,9,1,0,10,Medium
MVI_20052_img00111_jpg.rf.b0d97c4368ad0fa7780c2ebf08c7a708.jpg,13,0,0,13,Medium
MVI_20052_img00114_jpg.rf.59f268df887f33629edc6785a0b2ac65.jpg,13,2,0,15,High
MVI_20052_img00114_jpg.rf.6b8c90c4dad7db966fc99e5703abbb64.jpg,14,1,0,15,High
MVI_20052_img00114_jpg.rf.e33afbb1800f6a5d02d38f7a0391bb60.jpg,16,0,0,16,High
MVI_20052_img00117_jpg.rf.0bba335a78754c3685dfccd701a6fb1c.jpg,8,1,0,9,Medium
MVI_20052_img00117_jpg.rf.25082009ca120ab64bf76c032ed086a5.jpg,14,2,0,16,High
MVI_20052_img00117_jpg.rf.e0f631556a94fc13d5a2b9a2e5bd217a.jpg,12,0,0,12,Medium
MVI_20052_img00124_jpg.rf.0982fbcfe2c9b65392bb1c843fa8a299.jpg,11,0,0,11,Medium
MVI_20052_img00124_jpg.rf.1c29de5666bdb3fcd458d707af5282e3.jpg,11,1,0,12,Medium
MVI_20052_img00124_jpg.rf.87f0b7be38121f319c6f456ea70ca173.jpg,14,0,0,14,High
MVI_20052_img00162_jpg.rf.34088e21ff198242219296f4693d558d.jpg,14,2,0,16,High
MVI_20052_img00162_jpg.rf.51c7e1b5f610a883fe97c4ab92f3c3c4.jpg,14,0,0,14,High
MVI_20052_img00162_jpg.rf.9328579334c40ad2657b696efcd339ef.jpg,11,0,0,11,Medium
MVI_20052_img00163_jpg.rf.3a24b0e045d56095aec2dbb934b7b2a6.jpg,13,0,0,13,Medium
MVI_20052_img00163_jpg.rf.85e05ef374cdc6d87a492631a1900c35.jpg,13,1,0,14,High
MVI_20052_img00163_jpg.rf.e1e1e7695fda0a1508a68881a31302f6.jpg,14,0,0,14,High
MVI_20052_img00182_jpg.rf.3b66e5b29aa5d275f20a90935e9405f7.jpg,12,1,0,13,Medium
MVI_20052_img00182_jpg.rf.4443447ab5f65945fb5c0336c474c91b.jpg,12,2,0,14,High
MVI_20052_img00182_jpg.rf.97443501cc4e8f1782516453708afe22.jpg,9,0,0,9,Medium
MVI_20052_img00209_jpg.rf.a1691d35afc92feffaed587c4d1c3a49.jpg,13,2,0,15,High
MVI_20052_img00209_jpg.rf.ade24fd53061a0eb7bb4a1a5749ca472.jpg,11,1,0,12,Medium
MVI_20052_img00209_jpg.rf.c97c7839cc5fb78c2eb7450540afafd8.jpg,11,0,0,11,Medium
MVI_20052_img00240_jpg.rf.395f0410f23ba1fb182e04a4f2ac3889.jpg,12,0,0,12,Medium
MVI_20052_img00240_jpg.rf.7999f800395849489bd024a13b9f2bba.jpg,13,0,0,13,Medium
MVI_20052_img00240_jpg.rf.c933c20639efff07c5bb494ede2cc184.jpg,14,0,0,14,High
MVI_20052_img00263_jpg.rf.17a28dcff26614e429acf32b281f6fe8.jpg,12,1,0,13,Medium
MVI_20052_img00263_jpg.rf.375846b0c1a128b8454884aa47f081b8.jpg,11,3,0,14,High
MVI_20052_img00263_jpg.rf.4c33bc0799f63733dd453c5094c9647c.jpg,13,0,0,13,Medium
MVI_20052_img00355_jpg.rf.1591174263ffd688e581f93027b317b9.jpg,13,0,0,13,Medium
MVI_20052_img00355_jpg.rf.9745fec9427476eccb087566e5b42428.jpg,13,0,0,13,Medium
MVI_20052_img00355_jpg.rf.a443233bcb1cb8c4f7011ce9ea5c2d16.jpg,12,0,0,12,Medium
MVI_20052_img00373_jpg.rf.1389b6d73ad59939c9bd266097f8fe3e.jpg,13,1,0,14,High
MVI_20052_img00373_jpg.rf.b31d9710cb55d8b632526bf43847d575.jpg,13,0,0,13,Medium
MVI_20052_img00373_jpg.rf.c0be1f0eaf154763710411b600ae257d.jpg,12,0,0,12,Medium
MVI_20052_img00399_jpg.rf.71397a84d6b97a66bf5f613a200c1166.jpg,14,0,1,15,High
MVI_20052_img00399_jpg.rf.ba95ad31ffedaafde25d46bcde719acb.jpg,12,0,0,12,Medium
MVI_20052_img00399_jpg.rf.d1d04dc4beb86b190d504fb2614e30c0.jpg,14,1,0,15,High
MVI_20052_img00401_jpg.rf.41895c29df1a8c555e224c22632bea24.jpg,12,1,0,13,Medium
MVI_20052_img00401_jpg.rf.a438cd6fb4bd36d64ddd5c567414daa8.jpg,12,0,0,12,Medium
MVI_20052_img00401_jpg.rf.d420a46eda737d7d8c18a50f1006523b.jpg,13,0,0,13,Medium
MVI_20052_img00405_jpg.rf.13d3722dda2e080e76115083be49ea67.jpg,10,0,0,10,Medium
MVI_20052_img00405_jpg.rf.8aa211f37edd0e2b873240d03e7af76a.jpg,11,0,0,11,Medium
MVI_20052_img00405_jpg.rf.ad45de7152354af64b01e24b5e49d5b4.jpg,13,0,1,14,High
MVI_20052_img00421_jpg.rf.81d55e35dc8e8c0e5b02e08e7cc498e8.jpg,13,0,0,13,Medium
MVI_20052_img00421_jpg.rf.d5b167145a9ee6fbe6393f7ce2304415.jpg,11,3,0,14,High
MVI_20052_img00421_jpg.rf.dbd4bf37b81f879be824688ecf0fcd52.jpg,11,1,0,12,Medium
MVI_20052_img00427_jpg.rf.65304761d7dff66197a00b06e2dbd357.jpg,9,1,0,10,Medium
MVI_20052_img00427_jpg.rf.e619769cd53ee341c4f34af4753dd355.jpg,10,1,1,12,Medium
MVI_20052_img00427_jpg.rf.e71195d5359a506688479c8671b33388.jpg,9,1,0,10,Medium
MVI_20052_img00429_jpg.rf.1a92869a05123a004625100acf8cdb82.jpg,10,2,0,12,Medium
MVI_20052_img00429_jpg.rf.604ec076807671bd671517ac264508fc.jpg,11,1,0,12,Medium
MVI_20052_img00429_jpg.rf.acb09711433678c6a656dc129ad19cb7.jpg,11,2,0,13,Medium
MVI_20052_img00441_jpg.rf.21c865ae54e01f89b75bc4a9230a2f3b.jpg,12,1,0,13,Medium
MVI_20052_img00441_jpg.rf.911c3d5aa2e8051f61c7bfb136c68de4.jpg,10,0,0,10,Medium
MVI_20052_img00441_jpg.rf.abca8d1cfa1d83dd25d0610a6aa16e48.jpg,12,0,0,12,Medium
MVI_20052_img00474_jpg.rf.4744d7bbffb6c4dbf30506437ecae2ed.jpg,8,2,0,10,Medium
MVI_20052_img00474_jpg.rf.5842e00f41fd47b7a6bdb7e643ee530a.jpg,7,3,0,10,Medium
MVI_20052_img00474_jpg.rf.c48c55dd65e3767cada4d063b71d6595.jpg,6,1,0,7,Low
MVI_20052_img00492_jpg.rf.45a8e36ea444a858e060cca06ea75b6e.jpg,11,0,0,11,Medium
MVI_20052_img00492_jpg.rf.6e09baf91e890781236d76e2cf435f23.jpg,8,2,0,10,Medium
MVI_20052_img00492_jpg.rf.89a85ef97b6225eb0e05981947306b1a.jpg,10,1,0,11,Medium
MVI_20052_img00560_jpg.rf.6a6ff8da2fe3f8297faf6332ead1e03a.jpg,10,0,0,10,Medium
MVI_20052_img00560_jpg.rf.7f76727eae1e59e9332530069390163a.jpg,9,0,0,9,Medium
MVI_20052_img00560_jpg.rf.a6dcaec5febad56e633e7309a6969d49.jpg,9,0,0,9,Medium
MVI_20052_img00568_jpg.rf.0db604af3102d4d78b89a1d6438303e8.jpg,10,0,0,10,Medium
MVI_20052_img00568_jpg.rf.6702b5a3472d96babd3ff4af3f9657b6.jpg,11,1,0,12,Medium
MVI_20052_img00568_jpg.rf.7642cec76c48bdc26e1cb2c6914d46ab.jpg,10,1,0,11,Medium
MVI_20052_img00586_jpg.rf.cec3163c4ce80d2d9ae22948887b1167.jpg,10,0,0,10,Medium
MVI_20052_img00586_jpg.rf.ea485dc3088d7dedb1968c1ed4f8c36e.jpg,10,0,0,10,Medium
MVI_20052_img00586_jpg.rf.f599426e885b969ff0b4f226de97ebec.jpg,10,0,0,10,Medium
MVI_20052_img00595_jpg.rf.b41c7aec3a3d74819dc071019b5981cd.jpg,8,1,0,9,Medium
MVI_20052_img00595_jpg.rf.b5c8fe8e4ff8bbf3e6911999b318a50c.jpg,9,0,0,9,Medium
MVI_20052_img00595_jpg.rf.f456e37571ca165722d13b559528c2ff.jpg,7,0,0,7,Low
MVI_20052_img00607_jpg.rf.64419110a3ff2c608c19719fbf556c07.jpg,9,0,0,9,Medium
MVI_20052_img00607_jpg.rf.76382b9e16ad5401101078b4b0de9859.jpg,9,1,0,10,Medium
MVI_20052_img00607_jpg.rf.c5d58b031cff6dc1bef7ed4411016de3.jpg,9,0,0,9,Medium
MVI_20052_img00630_jpg.rf.11071bc40fc8be9940be81aec7b9bdde.jpg,7,3,0,10,Medium
MVI_20052_img00630_jpg.rf.1f8e613d8cd0b2cd48ba50a112f93e66.jpg,7,2,0,9,Medium
MVI_20052_img00630_jpg.rf.6c911fdb46ff9b847111d57eb88f6ea3.jpg,6,1,0,7,Low
MVI_20052_img00634_jpg.rf.499c6563b9dee561c7d014d84923c36f.jpg,6,3,0,9,Medium
MVI_20052_img00634_jpg.rf.8e004240a495029f0cc5e4c7876d23c9.jpg,7,0,0,7,Low
MVI_20052_img00634_jpg.rf.b0a0d5a484de5e63f37c7f6208bae0d9.jpg,7,0,0,7,Low
MVI_20052_img00639_jpg.rf.0e76f66d7365674aa325b40cd9823a58.jpg,7,0,0,7,Low
MVI_20052_img00639_jpg.rf.384383e43e409615859646753be4f369.jpg,5,0,0,5,Low
MVI_20052_img00639_jpg.rf.41ed9d58b0b0f86450d6555a4d2e0a1f.jpg,7,0,1,8,Medium
MVI_20052_img00645_jpg.rf.5eb7952d2e3f69bed96008586f3f1c06.jpg,6,0,0,6,Low
MVI_20052_img00645_jpg.rf.6ea99ff35d2cfd69d75ddf9ceed0aa46.jpg,7,1,0,8,Medium
MVI_20052_img00645_jpg.rf.7263a93bd4eda8b3166f36d7db7ccada.jpg,7,0,0,7,Low
MVI_20052_img00648_jpg.rf.34ed4b422b8c2ea67228d7246f1d552a.jpg,6,0,1,7,Low
MVI_20052_img00648_jpg.rf.3c97dcae31a4fbf850b2ae3951d81f86.jpg,7,0,0,7,Low
MVI_20052_img00648_jpg.rf.565ac61bf23a7a250887bd3fc645f2d5.jpg,8,1,0,9,Medium
MVI_20052_img00677_jpg.rf.077a8bc2cea75aeed35b292ec7d6123c.jpg,6,0,0,6,Low
MVI_20052_img00677_jpg.rf.dc830f7009d84eddb07d0a1c0188f56f.jpg,6,0,0,6,Low
MVI_20052_img00677_jpg.rf.ef9bb84739abae562418d722da3a51cf.jpg,6,1,0,7,Low
MVI_20052_img00692_jpg.rf.5ec0207c1f3c6d3f6c37b9e622dd8f4e.jpg,6,0,0,6,Low
MVI_20052_img00692_jpg.rf.c707768e62e3e6abaaf8c0e74321bd3d.jpg,7,0,0,7,Low
MVI_20052_img00692_jpg.rf.d3162cfb1e649f1ab9fca71442525b01.jpg,7,0,0,7,Low
MVI_20061_img00030_jpg.rf.07442428863aa1660a660ae6cf578bc5.jpg,13,2,1,16,High
MVI_20061_img00030_jpg.rf.4b9674fae4fab002c05f2889955e76d5.jpg,12,1,0,13,Medium
MVI_20061_img00030_jpg.rf.b150a1a2f41baeebd6fd15578d095205.jpg,13,1,1,15,High
MVI_20061_img00048_jpg.rf.18d606bad4735989c1b07bce47e052cb.jpg,11,0,1,12,Medium
MVI_20061_img00048_jpg.rf.b7cd54f6d2f9e79e490e1e886a9ce1ec.jpg,15,2,1,18,High
MVI_20061_img00048_jpg.rf.ce79328de1dd172b26d0cb897d104c8b.jpg,14,3,1,18,High
MVI_20061_img00071_jpg.rf.3c86d9499fd6247e10b11593e23f03a2.jpg,10,4,0,14,High
MVI_20061_img00071_jpg.rf.5aebe1e239b261e66424335c145d6255.jpg,12,2,1,15,High
MVI_20061_img00071_jpg.rf.68e1f131eab2cb4b008f62845d94688a.jpg,10,1,1,12,Medium
MVI_20061_img00091_jpg.rf.60eb13248e4674e7c5bd37c8a72a6ab5.jpg,14,2,0,16,High
MVI_20061_img00091_jpg.rf.713011e7adb780c563de28314130c07a.jpg,13,1,0,14,High
MVI_20061_img00091_jpg.rf.f2dcd00225b8560050bbc93a12d6c794.jpg,15,2,0,17,High
MVI_20061_img00110_jpg.rf.0721ef8fe083e777e83c7d32d462540a.jpg,14,2,1,17,High
MVI_20061_img00110_jpg.rf.8f429789960ae73f2ea35cbae576d2ef.jpg,7,1,2,10,Medium
MVI_20061_img00110_jpg.rf.d3e755485c4ccacac59ba9d36b49b839.jpg,13,1,1,15,High
MVI_20061_img00117_jpg.rf.6e59c970fc7defb2dc0e7a2346a7f6d8.jpg,17,1,0,18,High
MVI_20061_img00117_jpg.rf.a19f62ee0e49b06e8749cc81985867e1.jpg,13,0,1,14,High
MVI_20061_img00117_jpg.rf.ca424f19b8487c8a4008b57f8636d659.jpg,11,2,0,13,Medium
MVI_20061_img00129_jpg.rf.516db9a5f59b802475c00c81d53a2256.jpg,15,1,1,17,High
MVI_20061_img00129_jpg.rf.64ec39da683e082040f482f59c867e82.jpg,12,1,1,14,High
MVI_20061_img00129_jpg.rf.d219f2c5f6c27e05ce85ba5fe0349674.jpg,11,2,0,13,Medium
MVI_20061_img00163_jpg.rf.2681f386310656f29e6d059617eb2af9.jpg,14,1,0,15,High
MVI_20061_img00163_jpg.rf.6ebb0e4dea2fc7c2f70a702c50a8a9d1.jpg,13,1,0,14,High
MVI_20061_img00163_jpg.rf.c73581ebb70c97eae72b565fa54e2987.jpg,14,0,0,14,High
MVI_20061_img00191_jpg.rf.0dc2f40df0b8402aba5a5fc21c4bf562.jpg,15,2,0,17,High
MVI_20061_img00191_jpg.rf.13f0f0e3ec7738d1eb9575dcc1ff0550.jpg,12,2,0,14,High
MVI_20061_img00191_jpg.rf.5f09e330e1490d269956e44af871c0a3.jpg,16,3,0,19,High
MVI_20061_img00198_jpg.rf.0c1e173e50d40e94c6b1c86c915a65fb.jpg,13,1,0,14,High
MVI_20061_img00198_jpg.rf.19f2e3b4fc7f899bf9d720ff0e5df8cd.jpg,13,2,0,15,High
MVI_20061_img00198_jpg.rf.5555c859c1b389b8eb7acdc80cd9e822.jpg,14,2,0,16,High
MVI_20061_img00237_jpg.rf.2a2c4e9eab9c67bde807dd7b8141b5c4.jpg,13,2,0,15,High
MVI_20061_img00237_jpg.rf.393c1887f2535acc8ff11c2a71868155.jpg,12,2,0,14,High
MVI_20061_img00237_jpg.rf.51f2d8d7cb3774cbfb11dd5fc4322585.jpg,14,2,0,16,High
MVI_20061_img00252_jpg.rf.79a877f61d8068c14221b72652b266de.jpg,11,1,0,12,Medium
MVI_20061_img00252_jpg.rf.9f7549e4796b4dfdf183327c83051f4e.jpg,12,2,0,14,High
MVI_20061_img00252_jpg.rf.e13ba7d8aecef10583a19483c862069a.jpg,13,2,0,15,High
MVI_20061_img00272_jpg.rf.513ccf61354ceedab71640eb07c58066.jpg,15,1,0,16,High
MVI_20061_img00272_jpg.rf.54ef7fffb39b978d02935d0bc583b370.jpg,13,1,0,14,High
MVI_20061_img00272_jpg.rf.e1a4438ad7dd70532d7cccacde5024f4.jpg,12,1,0,13,Medium
MVI_20061_img00283_jpg.rf.3e95c3fe28e78780c2165840c17fa909.jpg,15,2,0,17,High
MVI_20061_img00283_jpg.rf.a973a40cc6c415f9cd2a84721a6f4ef5.jpg,13,1,0,14,High
MVI_20061_img00283_jpg.rf.b87e67e32d4afbd7350ba9cfc143f419.jpg,13,1,0,14,High
MVI_20061_img00288_jpg.rf.038b2492bcfdb264a79339317af56951.jpg,14,1,0,15,High
MVI_20061_img00288_jpg.rf.761b1855d4607d586bf9524b3a37614e.jpg,13,1,0,14,High
MVI_20061_img00288_jpg.rf.c23d89ddada185e70b3f9266ff87eb83.jpg,15,1,0,16,High
MVI_20061_img00294_jpg.rf.4253fc0fb86f555008377d6e701fca24.jpg,12,1,0,13,Medium
MVI_20061_img00294_jpg.rf.6191b776e20ee42e71c99099d2d6581f.jpg,15,2,0,17,High
MVI_20061_img00294_jpg.rf.ae8ed6b0bb7b79af7078be99b2af4071.jpg,13,3,0,16,High
MVI_20061_img00296_jpg.rf.327041b49e4cdf85d3eb61453144b940.jpg,10,1,0,11,Medium
MVI_20061_img00296_jpg.rf.89af5b6c250cfe335e1ef53d1603435c.jpg,12,3,0,15,High
MVI_20061_img00296_jpg.rf.bcad386e30599b6f2ced7e2a5b23d694.jpg,14,2,0,16,High
MVI_20061_img00301_jpg.rf.11fb2b4b57cc1d9a304c0d075c17f041.jpg,12,2,0,14,High
MVI_20061_img00301_jpg.rf.a02ac3e975ddcedec5a9fd7953c51233.jpg,13,1,0,14,High
MVI_20061_img00301_jpg.rf.f0e8eb5f305013a76bbd2f0ec79525be.jpg,12,1,0,13,Medium
MVI_20061_img00302_jpg.rf.52a91d8e8770a86bbfab2871887012f1.jpg,13,2,0,15,High
MVI_20061_img00302_jpg.rf.a771cca7e631aedfd854225066dd39b3.jpg,14,2,0,16,High
MVI_20061_img00302_jpg.rf.b6a3f732c794d8e5dbcae010ef3beb88.jpg,12,1,0,13,Medium
MVI_20061_img00339_jpg.rf.5079750bbc10e895f8a00fcaa0d39fda.jpg,13,1,0,14,High
MVI_20061_img00339_jpg.rf.d5c87559a562af26f9b2900c72702371.jpg,12,1,0,13,Medium
MVI_20061_img00339_jpg.rf.f46ae12ff7fef6d717751d6d230227a4.jpg,12,1,0,13,Medium
MVI_20061_img00341_jpg.rf.094899b56a1f2087aa5a4d9bbb1ab7a1.jpg,13,1,0,14,High
MVI_20061_img00341_jpg.rf.360d79c11fb6543beb701849144d2af5.jpg,14,1,0,15,High
MVI_20061_img00341_jpg.rf.f2b367a007a782722275e8ab440ac28b.jpg,12,1,0,13,Medium
MVI_20061_img00347_jpg.rf.9d07efcd88ff9ebfdfd5ddd9993e58b7.jpg,13,2,0,15,High
MVI_20061_img00347_jpg.rf.ed31fb0dd47c13c1341e2f67e0522eb7.jpg,13,1,0,14,High
MVI_20061_img00347_jpg.rf.f6406862db05b83890c22bb72b060b28.jpg,11,1,0,12,Medium
MVI_20061_img00352_jpg.rf.3b6520c9652de8d92aeeade98cf74b96.jpg,13,2,0,15,High
MVI_20061_img00352_jpg.rf.7739bc7c121b83f13870875088c5b5ba.jpg,11,2,0,13,Medium
MVI_20061_img00352_jpg.rf.7b69c8d4013f52f2ef287f34f8938d2d.jpg,14,1,0,15,High
MVI_20061_img00375_jpg.rf.11fc6c1669a51c74169438002cb11634.jpg,12,1,0,13,Medium
MVI_20061_img00375_jpg.rf.bcf853baa70f1b78b72fcb6d2e421906.jpg,10,1,0,11,Medium
MVI_20061_img00375_jpg.rf.eb02397fc2b9933f9bfdf79588bbb03f.jpg,14,1,0,15,High
MVI_20061_img00385_jpg.rf.12009a9c8a4afb483aeb8c67980f28a7.jpg,12,1,0,13,Medium
MVI_20061_img00385_jpg.rf.778c160cd6e0bef47f81b52ba3998bd6.jpg,11,1,0,12,Medium
MVI_20061_img00385_jpg.rf.f5b59ce1f34aade79a512b5cfa49710e.jpg,10,1,0,11,Medium
MVI_20061_img00390_jpg.rf.b24690e22b948a26be8294f83c1a1b40.jpg,12,1,0,13,Medium
MVI_20061_img00390_jpg.rf.c9101b8b820aebd5d7d39986873cfc5f.jpg,13,1,0,14,High
MVI_20061_img00390_jpg.rf.e93340efd349c80c18801655410b0939.jpg,12,1,0,13,Medium
MVI_20061_img00418_jpg.rf.42fce5a172113a4a16ee23f22eedaecf.jpg,10,1,0,11,Medium
MVI_20061_img00418_jpg.rf.4305a6502cff08210a8d248d49c952e9.jpg,10,1,0,11,Medium
MVI_20061_img00418_jpg.rf.8265772c47f84ddea756a91491370f69.jpg,10,1,0,11,Medium
MVI_20061_img00424_jpg.rf.134b5b8986b36862b546f6f17bac1963.jpg,10,1,0,11,Medium
MVI_20061_img00424_jpg.rf.2f21e77846ba25f8723b32ddd7e558eb.jpg,8,1,0,9,Medium
MVI_20061_img00424_jpg.rf.8d2e82295e0727cc1d6004484b73c5e2.jpg,10,1,0,11,Medium
MVI_20061_img00458_jpg.rf.1b4913956ad56834da9e8606580053d0.jpg,10,1,1,12,Medium
MVI_20061_img00458_jpg.rf.ba4575fd0adee315c48fae832ed32205.jpg,9,2,0,11,Medium
MVI_20061_img00458_jpg.rf.f2421b521e2bf177499f177a2f2a15cc.jpg,11,2,0,13,Medium
MVI_20061_img00471_jpg.rf.4036e5f97b1f3752333700f3b72c2618.jpg,11,2,0,13,Medium
MVI_20061_img00471_jpg.rf.4ed2789f49b24e001db300f69933de28.jpg,8,0,1,9,Medium
MVI_20061_img00471_jpg.rf.e2eb5314709162a3ee40d43185723453.jpg,10,1,0,11,Medium
MVI_20061_img00472_jpg.rf.2f67d1e4ab498022c245c56c16e39677.jpg,9,2,1,12,Medium
MVI_20061_img00472_jpg.rf.646b4d0284808c485506f8de56c170bc.jpg,10,1,0,11,Medium
MVI_20061_img00472_jpg.rf.f731ea42f9aa10898ac198669c1daa5d.jpg,8,2,0,10,Medium
MVI_20061_img00501_jpg.rf.a9bf4f215f3fb8275ae2aace0cc4fa3b.jpg,10,2,0,12,Medium
MVI_20061_img00501_jpg.rf.b209c12c022609ec9bef1300ebf75c4e.jpg,11,2,0,13,Medium
MVI_20061_img00501_jpg.rf.e36e8baebac54eca0e99484a564d5dc2.jpg,12,3,0,15,High
MVI_20061_img00503_jpg.rf.1cfcd7ad92e5d06a82003ffe96972d79.jpg,11,2,0,13,Medium
MVI_20061_img00503_jpg.rf.5d602de6e4f5e55789baf1f2571a2463.jpg,11,2,0,13,Medium
MVI_20061_img00503_jpg.rf.e82ec54f0fcd3a31b0e46189200981f6.jpg,10,2,0,12,Medium
MVI_20061_img00538_jpg.rf.42a0543bd232e43dd48d0912b6f9fed5.jpg,10,2,0,12,Medium
MVI_20061_img00538_jpg.rf.64a7d3723ec796929fabfb3b6b4f4413.jpg,9,1,1,11,Medium
MVI_20061_img00538_jpg.rf.ac5f9edb5b6a7bf825eeb0f2de64009d.jpg,11,2,0,13,Medium
MVI_20061_img00539_jpg.rf.1a1625165fdb84275194175f548da628.jpg,8,1,1,10,Medium
MVI_20061_img00539_jpg.rf.a13a532cb6affd766916c4225616c8ce.jpg,6,2,1,9,Medium
MVI_20061_img00539_jpg.rf.b6feea263b4cc9147294d28851256692.jpg,6,2,0,8,Medium
MVI_20061_img00541_jpg.rf.841091a7f01e95b4f186a802c20b7bc1.jpg,10,1,1,12,Medium
MVI_20061_img00541_jpg.rf.a7de13d7142980d36f4cd97f2f27e6dc.jpg,10,1,1,12,Medium
MVI_20061_img00541_jpg.rf.b8340fdfd7cc4fdadbefbffb4567f9ef.jpg,11,1,2,14,High
MVI_20061_img00577_jpg.rf.e0cf374de641687a20e8f4863f4756b7.jpg,10,1,0,11,Medium
MVI_20061_img00577_jpg.rf.e0f707f861dcd3694e805c3eb8072ba9.jpg,7,4,0,11,Medium
MVI_20061_img00577_jpg.rf.faf3fea93d6d043dcdcaf3dc11e08e45.jpg,11,1,0,12,Medium
MVI_20061_img00622_jpg.rf.35a55dde6e04d74ecfe0a474c501608e.jpg,11,1,0,12,Medium
MVI_20061_img00622_jpg.rf.74af287ba906007a88e40f943c1cb7e5.jpg,11,1,0,12,Medium
MVI_20061_img00622_jpg.rf.abf98e63312d672574da1e2f42638b36.jpg,12,1,0,13,Medium
MVI_20061_img00627_jpg.rf.1346df6a82ef076cc9766e0b943cb80e.jpg,11,1,0,12,Medium
MVI_20061_img00627_jpg.rf.d597a2ac69c440e4b6d3eac1a5374b32.jpg,10,1,0,11,Medium
MVI_20061_img00627_jpg.rf.dd095761e2a22daadd330f53857f1e9e.jpg,12,1,0,13,Medium
MVI_20061_img00662_jpg.rf.20a05e247f2ff402734ad0f342b5b972.jpg,11,1,1,13,Medium
MVI_20061_img00662_jpg.rf.3f080dfce9ca1590146cda9fabddf545.jpg,11,0,0,11,Medium
MVI_20061_img00662_jpg.rf.6901eada7ffbe203d2dbb8d6e30470db.jpg,12,2,0,14,High
MVI_20061_img00663_jpg.rf.30a393813c70690d8e7343f5b093b026.jpg,11,0,0,11,Medium
MVI_20061_img00663_jpg.rf.443769b3f350ec402e058a9e12ed54fa.jpg,13,0,0,13,Medium
MVI_20061_img00663_jpg.rf.9142dcbcbeb3cbdb66789ce64b3ea136.jpg,12,0,0,12,Medium
MVI_20061_img00670_jpg.rf.1fb8f32a936eec9995fcb612f8fe3ebc.jpg,7,0,1,8,Medium
MVI_20061_img00670_jpg.rf.4e6be06a540df0cc0393ba2ecb8d5f79.jpg,10,1,0,11,Medium
MVI_20061_img00670_jpg.rf.d9669a439fd669755442625b88e47f63.jpg,11,1,0,12,Medium
MVI_20061_img00675_jpg.rf.175d1d4fc4bd488162540526fba8b66a.jpg,11,0,0,11,Medium
MVI_20061_img00675_jpg.rf.250fa1056844c86149ee6d0ddd7383e4.jpg,10,1,0,11,Medium
MVI_20061_img00675_jpg.rf.9fd85d62d6a3f778c7ce6725233cc1f2.jpg,9,0,1,10,Medium
MVI_20061_img00684_jpg.rf.3355c7811b03d1052dca699bf14d3dc8.jpg,8,0,0,8,Medium
MVI_20061_img00684_jpg.rf.7814848a1a8a6956fc40d9dca7a9151a.jpg,7,1,0,8,Medium
MVI_20061_img00684_jpg.rf.9179dd39ea30f8dbfcc1acee36fda864.jpg,11,0,0,11,Medium
MVI_20061_img00695_jpg.rf.2173341ce4b23493a419f24c43409937.jpg,10,1,0,11,Medium
MVI_20061_img00695_jpg.rf.5fa6b2cd0ca7921b81ef568767752d4f.jpg,10,0,0,10,Medium
MVI_20061_img00695_jpg.rf.f8afc65b885d4e51ec4e0b07cc5a7d74.jpg,10,1,1,12,Medium
MVI_20061_img00720_jpg.rf.0877cc03fc904ab9c336ce850c8a0f14.jpg,10,0,0,10,Medium
MVI_20061_img00720_jpg.rf.197027d5757459372bee143feac034cd.jpg,11,0,0,11,Medium
MVI_20061_img00720_jpg.rf.fab00d072d6f6888c8f4066763a41fce.jpg,10,0,0,10,Medium
MVI_20061_img00757_jpg.rf.9f1d0efa35965d3ba9a7b04ecdc81535.jpg,13,0,0,13,Medium
MVI_20061_img00757_jpg.rf.e7471b98695bf8285311a84b48c06c31.jpg,14,0,0,14,High
MVI_20061_img00757_jpg.rf.ec6f696a63f78f7f93282e44daa30621.jpg,12,0,0,12,Medium
MVI_20061_img00761_jpg.rf.b73c3447559d0167a246a4eb6ea0a356.jpg,13,0,0,13,Medium
MVI_20061_img00761_jpg.rf.e974956a9d0f4ad661a2bac645685082.jpg,13,0,0,13,Medium
MVI_20061_img00761_jpg.rf.ec8fb296b63eb1271173d1d8ec1d5ea5.jpg,11,0,0,11,Medium
MVI_20061_img00767_jpg.rf.737d665a666f714fb29da06800154e06.jpg,14,0,0,14,High
MVI_20061_img00767_jpg.rf.adff9231baef9f470b0712694e2805d5.jpg,12,0,0,12,Medium
MVI_20061_img00767_jpg.rf.f2549410602e89d122baafa787e75631.jpg,12,0,0,12,Medium
MVI_20061_img00768_jpg.rf.0bb260c5c9dbb53eef07fefd9a9be95c.jpg,15,0,0,15,High
MVI_20061_img00768_jpg.rf.823924e4ae9d9e0253629ad64de3a481.jpg,12,0,0,12,Medium
MVI_20061_img00768_jpg.rf.90d478c90560078920549c6cdd7ea227.jpg,13,0,0,13,Medium
MVI_20061_img00778_jpg.rf.25d3480030af1cd87c6f16347bbf3a08.jpg,14,0,0,14,High
MVI_20061_img00778_jpg.rf.6c17f641f57ffcbf40b485f3d37bd5b7.jpg,15,0,0,15,High
MVI_20061_img00778_jpg.rf.c455a582e2ea1719798f6c1d04dbae2b.jpg,15,0,0,15,High
MVI_20061_img00792_jpg.rf.11e394354627dc378675008b757e2d91.jpg,15,0,0,15,High
MVI_20061_img00792_jpg.rf.564cf88f7541dc8ec0b813a2e80b98c2.jpg,15,0,0,15,High
MVI_20061_img00792_jpg.rf.a0ef389509103f317475ea6368969c1c.jpg,14,0,0,14,High
MVI_20062_img00018_jpg.rf.644b077282d44321c70077463dc30ea8.jpg,12,0,0,12,Medium
MVI_20062_img00018_jpg.rf.6b5d995ac0776243bea565008d30d573.jpg,12,0,0,12,Medium
MVI_20062_img00018_jpg.rf.c60499cb598a46ef13e6d0cc6cbd03e3.jpg,12,0,0,12,Medium
MVI_20062_img00047_jpg.rf.301d6059c610760e372502ae11ff9959.jpg,12,0,0,12,Medium
MVI_20062_img00047_jpg.rf.7201e128ecbb604a9f085c78f8628cb6.jpg,12,0,0,12,Medium
MVI_20062_img00047_jpg.rf.f252e6dda195673423acd2bada74a22b.jpg,11,1,0,12,Medium
MVI_20062_img00150_jpg.rf.1b4949f48bb1a02ff2fe8f2c64a66f85.jpg,11,3,0,14,High
MVI_20062_img00150_jpg.rf.785c47cbb087886fe58698646de0abf9.jpg,12,0,0,12,Medium
MVI_20062_img00150_jpg.rf.c093c03617a4ea948e2e8872e6fb1421.jpg,12,0,0,12,Medium
MVI_20062_img00163_jpg.rf.18830daf0ddfb7d3a414d92ee004f36a.jpg,12,0,0,12,Medium
MVI_20062_img00163_jpg.rf.4e34580e96061b4903b8ca6bdfead768.jpg,13,0,0,13,Medium
MVI_20062_img00163_jpg.rf.5514998aee8928b7dd8605f18b303de6.jpg,11,0,0,11,Medium
MVI_20062_img00184_jpg.rf.066367263aa59e9d470ddc505a907abf.jpg,9,0,0,9,Medium
MVI_20062_img00184_jpg.rf.689ca7e0e95e2f657b06a23937c241f8.jpg,12,0,0,12,Medium
MVI_20062_img00184_jpg.rf.b852dc23d570cb17275c199d6cb168ff.jpg,11,1,0,12,Medium
MVI_20062_img00204_jpg.rf.1bf7b25eb709b021e4ee5626201d3d27.jpg,12,0,0,12,Medium
MVI_20062_img00204_jpg.rf.bad819d86a13184d7c1a263b6d46f01c.jpg,13,0,0,13,Medium
MVI_20062_img00204_jpg.rf.f8b4e96b4722193923303b7ba3b3c35a.jpg,10,0,0,10,Medium
MVI_20062_img00206_jpg.rf.054975d34ae2dd92f040838ee3687d29.jpg,12,0,0,12,Medium
MVI_20062_img00206_jpg.rf.6a76239d734c313dc45636d16521298b.jpg,13,0,0,13,Medium
MVI_20062_img00206_jpg.rf.be9d6b9364d5256e414322a2430c4653.jpg,12,0,0,12,Medium
MVI_20062_img00218_jpg.rf.0f1e3df11e5f96a26ae4e1f9591a3bdf.jpg,13,0,0,13,Medium
MVI_20062_img00218_jpg.rf.e6b9d48789e9e46671b0a6470d5d6b4c.jpg,13,0,0,13,Medium
MVI_20062_img00218_jpg.rf.ebc188181159bded0cc33bf33515a52a.jpg,13,0,0,13,Medium
MVI_20062_img00228_jpg.rf.17de16d09f4ab20cb28c9a4d17e83af4.jpg,10,0,0,10,Medium
MVI_20062_img00228_jpg.rf.91f3b7e7d63cec916e7f4a7845d859b7.jpg,13,0,0,13,Medium
MVI_20062_img00228_jpg.rf.f91a7621606320935081a45ec5f25b51.jpg,12,0,0,12,Medium
MVI_20062_img00258_jpg.rf.14be8f489b470bf507171c679dfb2578.jpg,11,0,0,11,Medium
MVI_20062_img00258_jpg.rf.5dd8b452761e5660e68f6d416b88c2e3.jpg,8,0,0,8,Medium
MVI_20062_img00258_jpg.rf.96d44d8ce27044cae7429eb7c1921da0.jpg,11,0,0,11,Medium
MVI_20062_img00324_jpg.rf.21e7de32dfbb07527e9c6f9aad9b36cd.jpg,12,0,0,12,Medium
MVI_20062_img00324_jpg.rf.5850f6b42bc81fa21f1da92dcb792546.jpg,12,1,0,13,Medium
MVI_20062_img00324_jpg.rf.5c9ecc73a70241aeb8a2456ca59ed150.jpg,10,0,0,10,Medium
MVI_20062_img00333_jpg.rf.1390ea047c09f34220d3f93845ed0ebc.jpg,10,1,0,11,Medium
MVI_20062_img00333_jpg.rf.1dcafa01400327d974d7e096904929b1.jpg,11,2,0,13,Medium
MVI_20062_img00333_jpg.rf.810e0b7b8c1cc04489f8495c45534c9e.jpg,11,0,0,11,Medium
MVI_20062_img00355_jpg.rf.1a2bfd4d3597584c68c7748a8a4a659d.jpg,12,1,0,13,Medium
MVI_20062_img00355_jpg.rf.255700abea5a65600efa4753cb68cd06.jpg,10,2,0,12,Medium
MVI_20062_img00355_jpg.rf.2b0e6c8fbfb505d4516a800c75064213.jpg,8,1,0,9,Medium
MVI_20062_img00370_jpg.rf.b74116ae28bb661bdfdc628786291059.jpg,10,2,0,12,Medium
MVI_20062_img00370_jpg.rf.dbe686ae580310b74537b8a2aa6f0772.jpg,11,1,0,12,Medium
MVI_20062_img00370_jpg.rf.e73ccc0d79090633a02dd579877d5809.jpg,11,1,0,12,Medium
MVI_20062_img00376_jpg.rf.68aa38b371aac801a5993185f77e01f9.jpg,12,0,0,12,Medium
MVI_20062_img00376_jpg.rf.d661f9c53946f76d3e4231670cb7a7ff.jpg,9,1,0,10,Medium
MVI_20062_img00376_jpg.rf.df937e0f02cf907d8241788cab17cbed.jpg,11,1,0,12,Medium
MVI_20062_img00377_jpg.rf.01900a58c347f8704196d102b914a71b.jpg,12,1,0,13,Medium
MVI_20062_img00377_jpg.rf.42f8035fad7d16da9ac4ac9943278e50.jpg,9,1,0,10,Medium
MVI_20062_img00377_jpg.rf.77cd8a196f40ed2da1efb8ca5341a13c.jpg,10,1,0,11,Medium
MVI_20062_img00379_jpg.rf.7cfffff488fbc4bc4d00ad2c603675de.jpg,10,2,0,12,Medium
MVI_20062_img00379_jpg.rf.99ca842eb9066d47644d602389b99feb.jpg,12,0,0,12,Medium
MVI_20062_img00379_jpg.rf.eaac7c67a917343ed7e9aa12e857c39c.jpg,9,2,0,11,Medium
MVI_20062_img00462_jpg.rf.5a5efcf6096f7e917a5feec281b58eb3.jpg,10,1,0,11,Medium
MVI_20062_img00462_jpg.rf.7664c60d76ed8dc71d14ddae4afa4527.jpg,8,0,0,8,Medium
MVI_20062_img00462_jpg.rf.7d6177c8b574934bcdc665ff841fae0a.jpg,7,1,0,8,Medium
MVI_20062_img00481_jpg.rf.041f20ccb6a36301948d505826b8776b.jpg,8,1,0,9,Medium
MVI_20062_img00481_jpg.rf.7c342c96098bee8d2be0310b6e1e00fb.jpg,9,1,0,10,Medium
MVI_20062_img00481_jpg.rf.e2d3c259262662370cb577fef8266ab3.jpg,9,2,0,11,Medium
MVI_20062_img00485_jpg.rf.1544667d76dccd887a8fa895bc5c2ca1.jpg,10,1,0,11,Medium
MVI_20062_img00485_jpg.rf.8924a42d5eaa604bc6a9215801a40a03.jpg,9,1,0,10,Medium
MVI_20062_img00485_jpg.rf.ef6d551d5dc9cdc892572f48936f887d.jpg,8,3,0,11,Medium
MVI_20062_img00555_jpg.rf.4e8be9008a962c63a5b45cd82ce4a35a.jpg,9,1,0,10,Medium
MVI_20062_img00555_jpg.rf.6ed520f6674420fdf7ffadcb6bd1c764.jpg,8,1,0,9,Medium
MVI_20062_img00555_jpg.rf.a84da86728da689e80e074ee155d0406.jpg,8,1,0,9,Medium
MVI_20062_img00564_jpg.rf.24906226b2f40222202fd8db6ab386c1.jpg,9,1,0,10,Medium
MVI_20062_img00564_jpg.rf.517eca224dfa529946841c3595c5e774.jpg,9,1,0,10,Medium
MVI_20062_img00564_jpg.rf.e738f42b837184e6f4a3435baaf461b0.jpg,8,1,0,9,Medium
MVI_20062_img00640_jpg.rf.b47a48684f11a7140ae18d6a468e4b30.jpg,8,1,0,9,Medium
MVI_20062_img00640_jpg.rf.bac461f681f98edf25ad67f3a8007cc7.jpg,7,1,0,8,Medium
MVI_20062_img00640_jpg.rf.e7a4ddf05c06bc2f1177159ef6b9ec33.jpg,8,1,0,9,Medium
MVI_20062_img00649_jpg.rf.1c1297b7be04a7e9e73844a668786803.jpg,8,1,0,9,Medium
MVI_20062_img00649_jpg.rf.39e47694bb249fb172cd729826484fd9.jpg,8,1,0,9,Medium
MVI_20062_img00649_jpg.rf.ab6f9083204fb394af59dd253c60ed84.jpg,6,1,0,7,Low
MVI_20062_img00666_jpg.rf.2c6aacdebe9889dd0f63fc9babde4604.jpg,7,1,0,8,Medium
MVI_20062_img00666_jpg.rf.e546894fba2e6073aab494ad0f1e3da2.jpg,7,1,0,8,Medium
MVI_20062_img00666_jpg.rf.eb6f29a1e15aa8067baa48f0a99b48bc.jpg,8,1,0,9,Medium
MVI_20062_img00686_jpg.rf.0013a67ac6a1b2adc0fce49f5c472044.jpg,7,1,0,8,Medium
MVI_20062_img00686_jpg.rf.26fb02aed044bae5cba1f349338fed8f.jpg,8,1,0,9,Medium
MVI_20062_img00686_jpg.rf.902b6f29316107679d644fcbac6c1149.jpg,6,1,0,7,Low
MVI_20062_img00736_jpg.rf.7023558bdf92ffde5132080b46b55aaa.jpg,7,1,0,8,Medium
MVI_20062_img00736_jpg.rf.8a841948af13684f80300df317c81352.jpg,8,1,0,9,Medium
MVI_20062_img00736_jpg.rf.ebf0b786b3fcbaa048198f0d5e54b856.jpg,6,1,0,7,Low
MVI_20062_img00740_jpg.rf.45963fb631c81b84f6882b574e3e84d7.jpg,5,1,0,6,Low
MVI_20062_img00740_jpg.rf.59b240369dbbecf54ea3e4d833567e7c.jpg,7,1,0,8,Medium
MVI_20062_img00740_jpg.rf.b8e8c8aac6d233550428613e92890084.jpg,6,1,0,7,Low
MVI_20062_img00756_jpg.rf.0de4770c84c152570d9661dbe7c18506.jpg,8,1,0,9,Medium
MVI_20062_img00756_jpg.rf.740d06b7e4708f0fa907051547a8e0ea.jpg,10,1,0,11,Medium
MVI_20062_img00756_jpg.rf.acff6626c918d260bfa4eb21ae1d1d1e.jpg,9,1,0,10,Medium
MVI_20062_img00781_jpg.rf.09cc847ca92c1cf59b14b9108a862310.jpg,8,2,0,10,Medium
MVI_20062_img00781_jpg.rf.19699ffc71863b1244b0f0026ead6a54.jpg,8,1,0,9,Medium
MVI_20062_img00781_jpg.rf.666dbacf9305a76b84352e2a88bf76d2.jpg,9,1,0,10,Medium
MVI_20062_img00790_jpg.rf.339f1ab997a42caa78bb16fea85aa665.jpg,9,1,0,10,Medium
MVI_20062_img00790_jpg.rf.a866bb5371df86f4af996467c6da73d8.jpg,8,1,0,9,Medium
MVI_20062_img00790_jpg.rf.b76198d074014db77f3973874a117a6f.jpg,8,1,0,9,Medium
MVI_20063_img00029_jpg.rf.0fdd8ff67631a07155f802de3ab071dd.jpg,7,1,0,8,Medium
MVI_20063_img00029_jpg.rf.584081f4906725c2f49bf6b7c5c11797.jpg,7,1,0,8,Medium
MVI_20063_img00029_jpg.rf.f2de0543640bd7d9446045b1b11a7f72.jpg,8,1,0,9,Medium
MVI_20063_img00032_jpg.rf.4b4b20d5f1e453e87ba606c9685608aa.jpg,7,1,0,8,Medium
MVI_20063_img00032_jpg.rf.4e12a54095a97831980c3c0b81c30714.jpg,8,1,0,9,Medium
MVI_20063_img00032_jpg.rf.6b6b0789d4387a6ad225d1bd9956e8e1.jpg,9,2,0,11,Medium
MVI_20063_img00060_jpg.rf.01968c092d4354b748a252a86aecdd1e.jpg,8,1,0,9,Medium
MVI_20063_img00060_jpg.rf.551960a497fb76fa719223ca734fb4e7.jpg,11,1,0,12,Medium
MVI_20063_img00060_jpg.rf.5c910c337bd9073a57650f45d63a1b23.jpg,8,1,0,9,Medium
MVI_20063_img00067_jpg.rf.10f2c850197eebf187925d0912018ea8.jpg,9,1,0,10,Medium
MVI_20063_img00067_jpg.rf.a51ff010e252148c70861570b6d569fe.jpg,8,1,0,9,Medium
MVI_20063_img00067_jpg.rf.fb090e8616337bffbab079895413b0f3.jpg,7,1,0,8,Medium
MVI_20063_img00094_jpg.rf.70cbd81fef770781213d5375fc74c6e4.jpg,8,1,0,9,Medium
MVI_20063_img00094_jpg.rf.8177da9ae612d66525f7d4b540e17b4e.jpg,5,1,1,7,Low
MVI_20063_img00094_jpg.rf.f15ed5b21e7b265d4018f30072d6eb7c.jpg,8,1,1,10,Medium
MVI_20063_img00099_jpg.rf.478406d14b845c8589e0693418bf7ee7.jpg,9,1,0,10,Medium
MVI_20063_img00099_jpg.rf.4c6e478342613736c30dd5b438fc8796.jpg,8,1,1,10,Medium
MVI_20063_img00099_jpg.rf.f5f91e12cd7f1bbd7eecaee0107dd039.jpg,8,2,0,10,Medium
MVI_20063_img00146_jpg.rf.28a44fd79e7a9387cc8095602271f1c8.jpg,6,1,0,7,Low
MVI_20063_img00146_jpg.rf.2ae40bcfd35c858830e9ebcc4824e771.jpg,7,1,0,8,Medium
MVI_20063_img00146_jpg.rf.362006addbfad885e06fa34b52c1c209.jpg,5,2,0,7,Low
MVI_20063_img00149_jpg.rf.52a5304b9a776b78294a6174352fe837.jpg,7,1,0,8,Medium
MVI_20063_img00149_jpg.rf.77bce8084fc065d092482a1b8842a0db.jpg,6,1,0,7,Low
MVI_20063_img00149_jpg.rf.b7b5db80698ef58594fdcacd437340a3.jpg,6,1,0,7,Low
MVI_20063_img00185_jpg.rf.25811acf632aece86fbf4f73acab81fa.jpg,7,1,0,8,Medium
MVI_20063_img00185_jpg.rf.88f3fa069293679825e73273d56b1766.jpg,6,1,0,7,Low
MVI_20063_img00185_jpg.rf.b83a7da01b4e2c3eec4804d24681da2e.jpg,7,1,0,8,Medium
MVI_20063_img00192_jpg.rf.229dd5a14cda0f9fb47a88c355a50c1d.jpg,6,1,0,7,Low
MVI_20063_img00192_jpg.rf.56b949f4f7d07144fcc35a4986fe2459.jpg,5,2,0,7,Low
MVI_20063_img00192_jpg.rf.8f1580c2e254d85f019a24659d14e97a.jpg,7,1,1,9,Medium
MVI_20063_img00234_jpg.rf.05d4e46a813c4a71e1852376952ed21f.jpg,9,1,0,10,Medium
MVI_20063_img00234_jpg.rf.59a4b701abe8056b7ee3d1f4d26afd7e.jpg,9,1,0,10,Medium
MVI_20063_img00234_jpg.rf.c1c9cd9a6f53c9a25f7c08d3e987da4a.jpg,8,1,0,9,Medium
MVI_20063_img00239_jpg.rf.1ec5ec6943647bd3fdb33744f1d1b302.jpg,9,1,0,10,Medium
MVI_20063_img00239_jpg.rf.a7995f7577f95984f0f566c2252c8739.jpg,9,1,0,10,Medium
MVI_20063_img00239_jpg.rf.fd23d5262cfb68cfe2485ab28ba14c6a.jpg,9,1,0,10,Medium
MVI_20063_img00249_jpg.rf.0a87eddfa26ff76d571100e9b3fa01af.jpg,9,1,0,10,Medium
MVI_20063_img00249_jpg.rf.33faabbc6b04bb46b4c61e9ee1d89ba0.jpg,7,1,0,8,Medium
MVI_20063_img00249_jpg.rf.f274e3b3e5203b37f598baf8be4ce517.jpg,8,1,0,9,Medium
MVI_20063_img00250_jpg.rf.b653eb405ae3d6d8b635cf929c9b9627.jpg,9,1,0,10,Medium
MVI_20063_img00250_jpg.rf.c70c4b3fee2d9f646d32ecbb17f021f7.jpg,9,1,0,10,Medium
MVI_20063_img00250_jpg.rf.e5c9b7534d61c648786e304e57183331.jpg,8,1,0,9,Medium
MVI_20063_img00268_jpg.rf.13d2a5beb3c3eedf3eefd532fe660fd4.jpg,8,3,0,11,Medium
MVI_20063_img00268_jpg.rf.3c54069cc9b1b858a96dd79b839b0c6f.jpg,6,2,0,8,Medium
MVI_20063_img00268_jpg.rf.5e9b0acb5f5a3714f004fe3112c7b491.jpg,9,2,0,11,Medium
MVI_20063_img00284_jpg.rf.2984674e2fa0413f85fbd0ddbd785970.jpg,9,1,0,10,Medium
MVI_20063_img00284_jpg.rf.6d655f5761a2eab7b5ced284121ab348.jpg,9,1,0,10,Medium
MVI_20063_img00284_jpg.rf.f8d594ad6677f11f867fb4163fb1dbf0.jpg,8,1,0,9,Medium
MVI_20063_img00316_jpg.rf.352fab780b4f514503fc70ee409c54ba.jpg,6,1,0,7,Low
MVI_20063_img00316_jpg.rf.74ab16f00f15ccb48bbf447649632fb5.jpg,8,1,0,9,Medium
MVI_20063_img00316_jpg.rf.a2bbf14efa5c172743e97d857b956b3c.jpg,8,1,0,9,Medium
MVI_20063_img00331_jpg.rf.09785ca15d357d50e083db6f9859100c.jpg,9,2,0,11,Medium
MVI_20063_img00331_jpg.rf.df6f75da9abc6ce8e559c1200e4af5f9.jpg,9,1,0,10,Medium
MVI_20063_img00331_jpg.rf.f148a1d0ad1cd308d9108d112b67019f.jpg,9,1,0,10,Medium
MVI_20063_img00332_jpg.rf.2595582040d2858240e3e1047ed6a40d.jpg,7,1,0,8,Medium
MVI_20063_img00332_jpg.rf.9bdddceeb535b0f17e5c0669034c7302.jpg,8,1,0,9,Medium
MVI_20063_img00332_jpg.rf.f8a3f3d5e1d6b9dca63d0564b4449a19.jpg,8,1,0,9,Medium
MVI_20063_img00344_jpg.rf.58872261ca363dd60969e6a2fcfd0285.jpg,9,1,0,10,Medium
MVI_20063_img00344_jpg.rf.5dbb4a54902673521abd70bae51362bb.jpg,8,1,0,9,Medium
MVI_20063_img00344_jpg.rf.ef938ee4497b2af95ef548ccdf98a42a.jpg,8,1,0,9,Medium
MVI_20063_img00346_jpg.rf.09c771fedf95d1d65134faaaca14b0e3.jpg,8,1,0,9,Medium
MVI_20063_img00346_jpg.rf.2cde085947d59339731f35c57ea749b9.jpg,8,1,0,9,Medium
MVI_20063_img00346_jpg.rf.3f267689976d129602b0f534c837b2e2.jpg,8,1,0,9,Medium
MVI_20063_img00358_jpg.rf.37ef8069edab79cef199c7b2360fcb31.jpg,7,2,0,9,Medium
MVI_20063_img00358_jpg.rf.6dc4fbd85b28d29cd8932faa713d265e.jpg,5,4,0,9,Medium
MVI_20063_img00358_jpg.rf.e967edda43d48b81faef28a2d1f1367c.jpg,7,2,0,9,Medium
MVI_20063_img00367_jpg.rf.25347a436db5756b1a83fab8bcc78a1b.jpg,5,2,0,7,Low
MVI_20063_img00367_jpg.rf.36b45dba8aca3f7b0c588f16000433f1.jpg,7,2,0,9,Medium
MVI_20063_img00367_jpg.rf.563d1067a99348f70036081e5387c5cd.jpg,6,1,0,7,Low
MVI_20063_img00384_jpg.rf.39c16af67e1a01bba0f3fce772a2a970.jpg,9,1,0,10,Medium
MVI_20063_img00384_jpg.rf.63b3153e392c02e08b31bfa8d95c3821.jpg,8,1,0,9,Medium
MVI_20063_img00384_jpg.rf.c57170fd2d2bf55e8d0bee3df4a940a2.jpg,9,1,0,10,Medium
MVI_20063_img00400_jpg.rf.04e31446e95a86ba3fa13740fd6e275d.jpg,8,1,0,9,Medium
MVI_20063_img00400_jpg.rf.5fe22f822ae2279ab8e197f9de236ca5.jpg,9,1,0,10,Medium
MVI_20063_img00400_jpg.rf.a07db4e10c3835cc508a878a0708cf24.jpg,6,2,0,8,Medium
MVI_20063_img00437_jpg.rf.06cf542596c01ac2ced108ea18af27e3.jpg,9,1,0,10,Medium
MVI_20063_img00437_jpg.rf.176483577ae691283f1b9dc1d5522f8b.jpg,6,1,0,7,Low
MVI_20063_img00437_jpg.rf.2a9576c8dab2f0e6f3aff671f933269f.jpg,5,1,0,6,Low
MVI_20063_img00467_jpg.rf.33b6c54d848ba17cc79cb1557e38e6d5.jpg,10,1,0,11,Medium
MVI_20063_img00467_jpg.rf.6d57fd6de775c33096b96371658d55ef.jpg,8,1,0,9,Medium
MVI_20063_img00467_jpg.rf.cbb3538b7522b3f432423f6063732f41.jpg,10,1,0,11,Medium
MVI_20063_img00474_jpg.rf.931c6497a49ca9acd5d8c673dea4efeb.jpg,9,1,0,10,Medium
MVI_20063_img00474_jpg.rf.bf59184ae5dc7f74234c7be1e2c97ce3.jpg,9,2,0,11,Medium
MVI_20063_img00474_jpg.rf.ebea3ebae4fd4543606675d6332689de.jpg,8,1,0,9,Medium
MVI_20063_img00518_jpg.rf.757e325665efdbee899abb6daa433ee4.jpg,9,2,0,11,Medium
MVI_20063_img00518_jpg.rf.bde0a866b809dcd86fb4fcd5626a71c3.jpg,10,1,0,11,Medium
MVI_20063_img00518_jpg.rf.dc0042021cf7acd971737e2867f27b4a.jpg,10,1,0,11,Medium
MVI_20063_img00544_jpg.rf.08119554a6691b653857f1299b97b0ee.jpg,8,1,0,9,Medium
MVI_20063_img00544_jpg.rf.5fa264c07613695eb63ce97c1c1a208e.jpg,8,0,0,8,Medium
MVI_20063_img00544_jpg.rf.c9df33abbe7d0c8ee2d0cb27669c391a.jpg,8,1,0,9,Medium
MVI_20063_img00562_jpg.rf.05fadfc9b370fd003d676826c300c64a.jpg,8,1,0,9,Medium
MVI_20063_img00562_jpg.rf.a634d02963a70bcd694d7e25cdd3aad4.jpg,7,1,0,8,Medium
MVI_20063_img00562_jpg.rf.f84b5d943a350719afa339bfe0bdbe30.jpg,8,1,0,9,Medium
MVI_20063_img00564_jpg.rf.0ea33c7648d6ee3500eb0005ab6a5475.jpg,9,1,0,10,Medium
MVI_20063_img00564_jpg.rf.3211328f816425d9dc197bebe2d829b4.jpg,6,1,0,7,Low
MVI_20063_img00564_jpg.rf.9dafd5870f25e8cb1a5f709c2b69ed66.jpg,7,1,0,8,Medium
MVI_20063_img00594_jpg.rf.42f3335ea8125ff720fdbab822ea1122.jpg,12,1,0,13,Medium
MVI_20063_img00594_jpg.rf.9442c570cb84ebbc45ee1236f111f7f1.jpg,9,1,0,10,Medium
MVI_20063_img00594_jpg.rf.fc8c1644c1f2ef54c5f34ee56a850437.jpg,9,1,0,10,Medium
MVI_20063_img00602_jpg.rf.3925e72f502ce7fb1da9bbdd476ec459.jpg,10,1,0,11,Medium
MVI_20063_img00602_jpg.rf.5eaff9157347ac52a9754645ebbef59f.jpg,12,1,0,13,Medium
MVI_20063_img00602_jpg.rf.b9ed4d1dab5d4c03d5eb29c0bf893f70.jpg,13,1,0,14,High
MVI_20063_img00603_jpg.rf.3086b9c9071964a28a584a293f64fecb.jpg,10,1,0,11,Medium
MVI_20063_img00603_jpg.rf.54a0c6669919ad7b26cdd164272ab4c6.jpg,11,1,0,12,Medium
MVI_20063_img00603_jpg.rf.93a7c35c79362374c227125a58003c6e.jpg,11,1,0,12,Medium
MVI_20063_img00606_jpg.rf.8217720036d2119ed35260483cc97cee.jpg,11,1,0,12,Medium
MVI_20063_img00606_jpg.rf.8d7fe0ce03e16adb6dded90885fcc74f.jpg,7,1,0,8,Medium
MVI_20063_img00606_jpg.rf.a88197a8f78ace5e47afb0060ca20f8c.jpg,9,2,0,11,Medium
MVI_20063_img00612_jpg.rf.0bdf4e12a18eee163385c793e6b3ff78.jpg,9,1,0,10,Medium
MVI_20063_img00612_jpg.rf.5f112136ed387fa2c6a16dc1bd935699.jpg,8,1,0,9,Medium
MVI_20063_img00612_jpg.rf.8bf492f0352074474792872b6980fd52.jpg,9,1,0,10,Medium
MVI_20063_img00619_jpg.rf.673646d94a5179a9d37c9e80c821019d.jpg,8,1,0,9,Medium
MVI_20063_img00619_jpg.rf.93e1bc97631566297a1d8ac1ab3c622f.jpg,10,1,0,11,Medium
MVI_20063_img00619_jpg.rf.e606c3807a4f44f657d9a88ff39b856a.jpg,11,1,0,12,Medium
MVI_20063_img00625_jpg.rf.108045814010178e572e5ad07fad07d7.jpg,8,1,0,9,Medium
MVI_20063_img00625_jpg.rf.e3ccfd0bda9d00d7f983bed649ffa269.jpg,9,1,0,10,Medium
MVI_20063_img00625_jpg.rf.ef37b3cb6f85475d55403dce9b4b1ddc.jpg,9,1,0,10,Medium
MVI_20063_img00634_jpg.rf.1f950aa2b65cc2ab56b27b9e2562108c.jpg,8,1,0,9,Medium
MVI_20063_img00634_jpg.rf.60e12a621eb4d3f9637350e28b70485b.jpg,11,1,0,12,Medium
MVI_20063_img00634_jpg.rf.b0b5ba8e7658904981a8933e9c841198.jpg,9,1,0,10,Medium
MVI_20063_img00675_jpg.rf.4143021ad58c0d16896f4ff4545749e2.jpg,9,2,0,11,Medium
MVI_20063_img00675_jpg.rf.7d0d65bc476e107e105a79f29030b84a.jpg,5,1,1,7,Low
MVI_20063_img00675_jpg.rf.83b76c29ca0efbaf36c0b5580eb96e8c.jpg,7,1,0,8,Medium
MVI_20063_img00756_jpg.rf.0ea3f005ec121a3d6b45c4a18ba9ec1c.jpg,9,0,0,9,Medium
MVI_20063_img00756_jpg.rf.3a9d403d9d40bbf56a11abb974c6922d.jpg,8,0,0,8,Medium
MVI_20063_img00756_jpg.rf.f9d66dfdb99efe3330f1ebf0479fc6ef.jpg,9,0,0,9,Medium
MVI_20063_img00767_jpg.rf.153fe1a1b76d0f581b363fb9783a727c.jpg,9,1,0,10,Medium
MVI_20063_img00767_jpg.rf.daaa4e3ac3361a2d1287838198c1093c.jpg,11,0,0,11,Medium
MVI_20063_img00767_jpg.rf.dc947eb82d7948f437ef4571bee267ef.jpg,10,1,0,11,Medium
MVI_20063_img00771_jpg.rf.440e74d802235c1c044f88609d14b680.jpg,10,0,0,10,Medium
MVI_20063_img00771_jpg.rf.64d525d0c68ef90ba69a7fcccc5c6767.jpg,12,0,0,12,Medium
MVI_20063_img00771_jpg.rf.73609f9f9be3aba85d28b7161345d908.jpg,12,0,0,12,Medium
MVI_20063_img00787_jpg.rf.9e97dee462d6df8d6e5601b4fb7a490f.jpg,11,0,0,11,Medium
MVI_20063_img00787_jpg.rf.bde975a181eb3e8799f385099a952c0d.jpg,10,0,0,10,Medium
MVI_20063_img00787_jpg.rf.c23eebbf865867aff2016ff374243989.jpg,12,0,0,12,Medium
MVI_20064_img00001_jpg.rf.0744c0f5d8d7fcbd03d54c3f71ccdd67.jpg,11,0,0,11,Medium
MVI_20064_img00001_jpg.rf.7a5ac69e588972fa2e42f8f01949b4cd.jpg,13,0,0,13,Medium
MVI_20064_img00001_jpg.rf.874a810dbf7dc97e271d6397f8d456cc.jpg,12,0,0,12,Medium
MVI_20064_img00004_jpg.rf.0ac614506ac42527ad56d9ad46bc0dcc.jpg,9,1,0,10,Medium
MVI_20064_img00004_jpg.rf.204b450a3832a38afa08a1be3430a201.jpg,13,0,0,13,Medium
MVI_20064_img00004_jpg.rf.de183035d457c6b95742fdb5c62e0bdd.jpg,10,0,0,10,Medium
MVI_20064_img00007_jpg.rf.3b10370dc7e046d05ebf416deda5b4a9.jpg,12,0,0,12,Medium
MVI_20064_img00007_jpg.rf.60be90f1a7c77eac1283636184603ea6.jpg,14,0,0,14,High
MVI_20064_img00007_jpg.rf.b0682663f8bb4c3c6f62ad2591e43751.jpg,12,0,0,12,Medium
MVI_20064_img00038_jpg.rf.7f4f197e86ceadd07cea44c537e71e81.jpg,11,0,1,12,Medium
MVI_20064_img00038_jpg.rf.c082ad3f373909159aef88f5ae83b4fb.jpg,11,1,0,12,Medium
MVI_20064_img00038_jpg.rf.d8c5536b295a2800d3be394a3ec6227d.jpg,11,0,0,11,Medium
MVI_20064_img00076_jpg.rf.556f5f9d8119d3c0384740fe7f4c5e4b.jpg,11,1,0,12,Medium
MVI_20064_img00076_jpg.rf.57c8e7da61cc1b3bde67c3253800f69b.jpg,12,0,0,12,Medium
MVI_20064_img00076_jpg.rf.94018a1f81a8f5a52c2cdcbeab783561.jpg,12,0,0,12,Medium
MVI_20064_img00153_jpg.rf.24da7f6448f844af9fc8fa166ca9e5d7.jpg,14,0,0,14,High
MVI_20064_img00153_jpg.rf.70ca15ef7874e60254e8394e7db40368.jpg,11,0,0,11,Medium
MVI_20064_img00153_jpg.rf.c27a4b803e76e74dccde24446ce16e72.jpg,12,0,0,12,Medium
MVI_20064_img00197_jpg.rf.77229c1b2fde75c34ec05f7bd1b8e43c.jpg,12,0,0,12,Medium
MVI_20064_img00197_jpg.rf.9bf839447b9137370defa01ffdc5ca2f.jpg,12,0,0,12,Medium
MVI_20064_img00197_jpg.rf.e6b2d6b8080861262e83a1a6e4296aa5.jpg,12,0,1,13,Medium
MVI_20064_img00211_jpg.rf.0eb7c1df7b4196ce343989f7799fd16d.jpg,11,0,0,11,Medium
MVI_20064_img00211_jpg.rf.41b0ae072dade431f3d43b6637b703c3.jpg,7,0,0,7,Low
MVI_20064_img00211_jpg.rf.c022f2484fc16e7548d0fa631d16d7a6.jpg,10,0,0,10,Medium
MVI_20064_img00232_jpg.rf.3d091078e4a14378f44b83bd62a76d58.jpg,10,0,0,10,Medium
MVI_20064_img00232_jpg.rf.a6c3e364859456b304e77e5233622270.jpg,12,0,0,12,Medium
MVI_20064_img00232_jpg.rf.c22c7aa97eddd4065d993e4e2cd23223.jpg,11,0,0,11,Medium
MVI_20064_img00239_jpg.rf.608bad189e06e484cf7d2b7a75d0c03b.jpg,10,0,0,10,Medium
MVI_20064_img00239_jpg.rf.6f7c66919e999aef209b21553f36ce54.jpg,12,0,0,12,Medium
MVI_20064_img00239_jpg.rf.d6a9395c591325250a78ee62e4d04732.jpg,13,0,0,13,Medium
MVI_20064_img00266_jpg.rf.0873a4853346a2cb67b92e5347251bcd.jpg,11,0,0,11,Medium
MVI_20064_img00266_jpg.rf.82a9e8ef4ebd590d0f9b742ff88cf259.jpg,13,0,0,13,Medium
MVI_20064_img00266_jpg.rf.99dd856b6e142e181f93747e272836de.jpg,10,0,0,10,Medium
MVI_20064_img00271_jpg.rf.51977e88f86d27bccfb62f68cba1393b.jpg,11,0,0,11,Medium
MVI_20064_img00271_jpg.rf.6306751725283b77470e9d19347b9042.jpg,10,0,0,10,Medium
MVI_20064_img00271_jpg.rf.d7f2f8c010fb1747c107105c05a012aa.jpg,11,0,0,11,Medium
MVI_20064_img00284_jpg.rf.27bfafac26f7839c9925bcf5944b959d.jpg,11,0,0,11,Medium
MVI_20064_img00284_jpg.rf.485191d3dbbea406c5037f25cb456450.jpg,10,0,0,10,Medium
MVI_20064_img00284_jpg.rf.e493449b856301eddad65aaa998485a4.jpg,9,0,0,9,Medium
MVI_20064_img00296_jpg.rf.259b6fc1ea17ac5ca26191bb4c571dd3.jpg,10,0,0,10,Medium
MVI_20064_img00296_jpg.rf.35ee9f7f0913b35559a84f6e34027dfe.jpg,12,0,0,12,Medium
MVI_20064_img00296_jpg.rf.e72327fad43485a7e004dbe8dbaa19a2.jpg,12,0,0,12,Medium
MVI_20064_img00310_jpg.rf.12db8e2a02d72cd9bb715e6a9e7d691e.jpg,11,0,0,11,Medium
MVI_20064_img00310_jpg.rf.38111c409294ba1437b41b2bac556db1.jpg,9,0,0,9,Medium
MVI_20064_img00310_jpg.rf.c56059064a29181230f6d2e5bc7f745d.jpg,11,0,1,12,Medium
MVI_20064_img00336_jpg.rf.347b661f5ad8227cd4fedb2bea23acac.jpg,13,0,0,13,Medium
MVI_20064_img00336_jpg.rf.4e9314e3e40a9b28b3d7356959d48bbc.jpg,11,1,0,12,Medium
MVI_20064_img00336_jpg.rf.fb7e8964a10c90d1c7a04898597cea42.jpg,8,1,0,9,Medium
MVI_20064_img00349_jpg.rf.7234adf83838bfbda98a577c3e030680.jpg,12,0,0,12,Medium
MVI_20064_img00349_jpg.rf.a719e33374059362dafabc2dff7aa5bd.jpg,8,0,1,9,Medium
MVI_20064_img00349_jpg.rf.e80636e20bf81e9e44cefe4a1be484a0.jpg,10,1,0,11,Medium
MVI_20064_img00352_jpg.rf.88fd1f8c85ced8f721ae076924054605.jpg,12,0,0,12,Medium
MVI_20064_img00352_jpg.rf.db5782c48c36e85fa27e3a6b7ebe9ee9.jpg,10,0,0,10,Medium
MVI_20064_img00352_jpg.rf.f4ff627db02c7a0892f17294462076d9.jpg,12,0,0,12,Medium
MVI_20064_img00382_jpg.rf.3e2a84afdd23298f902e4ed459f9fc55.jpg,10,0,0,10,Medium
MVI_20064_img00382_jpg.rf.9e845d77673ffbcde8487b8991fe65eb.jpg,13,0,0,13,Medium
MVI_20064_img00382_jpg.rf.c51e61e6d9a4e0f451bfa2719b05904e.jpg,11,1,0,12,Medium
MVI_20064_img00393_jpg.rf.6182de897578c78497842be506a6aa59.jpg,12,0,0,12,Medium
MVI_20064_img00393_jpg.rf.6748e991d25031ca03363f9ff16c87e8.jpg,9,0,1,10,Medium
MVI_20064_img00393_jpg.rf.7d410861039206930c11aae326b5ba9b.jpg,9,0,0,9,Medium
MVI_20064_img00400_jpg.rf.079e8022da61792c5a49bbe87582ebae.jpg,11,0,0,11,Medium
MVI_20064_img00400_jpg.rf.12f52a766b8544de572495159c705d4f.jpg,11,0,0,11,Medium
MVI_20064_img00400_jpg.rf.b3b6e99783d4749b5d219225e4bd1e3d.jpg,12,1,0,13,Medium
MVI_20064_img00463_jpg.rf.0499cfb37bd2972d4408ec26c1310254.jpg,13,0,0,13,Medium
MVI_20064_img00463_jpg.rf.43281ecc9ed396cb238a5bb6a3721fc3.jpg,13,0,0,13,Medium
MVI_20064_img00463_jpg.rf.6de60d5f600b649ec170fcdc7d82119f.jpg,12,0,0,12,Medium
MVI_20064_img00546_jpg.rf.488acc68edf65329a30f01f2beab2839.jpg,12,0,0,12,Medium
MVI_20064_img00546_jpg.rf.eb6bb4f2d90f11b9ed83e99f24065ca7.jpg,13,0,0,13,Medium
MVI_20064_img00546_jpg.rf.fa5961551f42992482f189b3389a4982.jpg,12,0,0,12,Medium
MVI_20064_img00551_jpg.rf.07ff033e0e96e6f659976fc4903dc7ce.jpg,13,0,0,13,Medium
MVI_20064_img00551_jpg.rf.bb1c9636b5f40b1c8d71e120697eb5bf.jpg,12,0,0,12,Medium
MVI_20064_img00551_jpg.rf.fb7babcf4f0b66991c5604469d01b278.jpg,13,0,0,13,Medium
MVI_20064_img00553_jpg.rf.57403dd660b468443daf182c779c899a.jpg,11,0,0,11,Medium
MVI_20064_img00553_jpg.rf.8343e1ed1f97cdcfc374d84d92d2e285.jpg,13,0,0,13,Medium
MVI_20064_img00553_jpg.rf.9ae332b61a7e7daad2afd9bddcb5262f.jpg,13,0,0,13,Medium
MVI_20064_img00579_jpg.rf.b70bf2c1aa9ebcaeabec73f93d4059c3.jpg,10,0,1,11,Medium
MVI_20064_img00579_jpg.rf.d87699c72992b85626e74130614f0ada.jpg,14,0,0,14,High
MVI_20064_img00579_jpg.rf.ec8cfc3d0d23503e21148bc9485f4ac6.jpg,13,0,0,13,Medium
MVI_20064_img00601_jpg.rf.1c19c137d303d5d82154e83238793b80.jpg,13,0,0,13,Medium
MVI_20064_img00601_jpg.rf.a7a04c7c93e25ac5ecb2f035db675f8b.jpg,10,0,0,10,Medium
MVI_20064_img00601_jpg.rf.fc1619501fbcefa6f1bb26c1315c25a4.jpg,13,0,0,13,Medium
MVI_20064_img00634_jpg.rf.5105fa602f892dd294216c21a890b521.jpg,12,0,0,12,Medium
MVI_20064_img00634_jpg.rf.9cd7431ec0e363503cc24238e5ed9345.jpg,11,0,0,11,Medium
MVI_20064_img00634_jpg.rf.d7d4507e2f946b7ffe25aac8ae568f84.jpg,14,0,0,14,High
MVI_20064_img00661_jpg.rf.5646bce3f05de25e34625244076d1a6e.jpg,15,0,1,16,High
MVI_20064_img00661_jpg.rf.d11bcb2403c7c821931ed9637ba5a30f.jpg,12,1,1,14,High
MVI_20064_img00661_jpg.rf.f2d5e5cb9d13c099b69712b0318964ed.jpg,11,0,1,12,Medium
MVI_20064_img00667_jpg.rf.61c21fd50f292bd670c78eaa66f20d13.jpg,14,0,0,14,High
MVI_20064_img00667_jpg.rf.b52d546d64bea968e13cd5f46e9940ee.jpg,11,0,0,11,Medium
MVI_20064_img00667_jpg.rf.dee5f4701e1e3181084eba4f725adca4.jpg,15,0,0,15,High
MVI_20064_img00684_jpg.rf.0c9fc4feaf617f2bb63fd386753ad026.jpg,11,3,0,14,High
MVI_20064_img00684_jpg.rf.7ce8676fb56c30e80cb119528210d38a.jpg,12,0,1,13,Medium
MVI_20064_img00684_jpg.rf.aea36fd9fb7df41ea8c337cbcc0cc6b4.jpg,11,2,0,13,Medium
MVI_20064_img00741_jpg.rf.24387de9989ea17da2c93cb77247d258.jpg,14,1,0,15,High
MVI_20064_img00741_jpg.rf.463a33cee2fafe4bedbe54c3e43b1c52.jpg,11,0,0,11,Medium
MVI_20064_img00741_jpg.rf.af1cf3279fd9d4be7240c91809752bd9.jpg,14,1,0,15,High
MVI_20064_img00763_jpg.rf.42ffc381a59e26a8cf8c583dc6274199.jpg,12,0,0,12,Medium
MVI_20064_img00763_jpg.rf.aafa69027db087486fd40855842d1eff.jpg,13,1,0,14,High
MVI_20064_img00763_jpg.rf.efb5d061ba2c7fef560c7f659930f2ac.jpg,10,1,0,11,Medium
MVI_20064_img00791_jpg.rf.4eebec1895a5dc93cb84627090bf0535.jpg,10,1,0,11,Medium
MVI_20064_img00791_jpg.rf.5555966db6444c21060124e7f549d73d.jpg,9,1,0,10,Medium
MVI_20064_img00791_jpg.rf.7121e61636db4f45265abf0c1077ca53.jpg,10,1,0,11,Medium
MVI_20065_img00002_jpg.rf.1e3ef1e0e43e128ce6a30a529c5c0474.jpg,10,2,0,12,Medium
MVI_20065_img00002_jpg.rf.352e9c07858c146b7c4eee4b2d4daedf.jpg,9,1,0,10,Medium
MVI_20065_img00002_jpg.rf.a5da168ddf23bed398d643b749a4fe28.jpg,12,1,0,13,Medium
MVI_20065_img00006_jpg.rf.4cfe5f39fdf8890637b24439f41eadf9.jpg,7,1,0,8,Medium
MVI_20065_img00006_jpg.rf.c793f423061037cc09cd770386c21262.jpg,9,1,0,10,Medium
MVI_20065_img00006_jpg.rf.e60762b2efd3722eff3ef9c6f4d81818.jpg,7,1,0,8,Medium
MVI_20065_img00031_jpg.rf.49760ee9dbaf0aec35c912e5ebb52fdb.jpg,12,1,0,13,Medium
MVI_20065_img00031_jpg.rf.6db9e2314546a9991046008dc3331e6e.jpg,7,1,0,8,Medium
MVI_20065_img00031_jpg.rf.a98a4cdf28e27773171866cd8ea45254.jpg,12,1,0,13,Medium
MVI_20065_img00036_jpg.rf.359e9f01a8af82581b6e0053cad9c5eb.jpg,12,1,0,13,Medium
MVI_20065_img00036_jpg.rf.6570e5c4f27762d16c2eb2c4231864ed.jpg,11,1,0,12,Medium
MVI_20065_img00036_jpg.rf.dd6578d462b75fca6e4eb45d46b76fa3.jpg,12,1,0,13,Medium
MVI_20065_img00061_jpg.rf.1ae973e9689ddf858a1b74a744821deb.jpg,12,1,0,13,Medium
MVI_20065_img00061_jpg.rf.506a8aa9e9cc3f28ba3b33f832e5c191.jpg,11,1,0,12,Medium
MVI_20065_img00061_jpg.rf.d4765a3cbaf388de60ff9c8ffcc43d22.jpg,13,1,0,14,High
MVI_20065_img00082_jpg.rf.085fe8a56233852d77c7a9f7af065a36.jpg,10,1,0,11,Medium
MVI_20065_img00082_jpg.rf.6f9cbf129041b635f2b4f9a73055568f.jpg,9,1,0,10,Medium
MVI_20065_img00082_jpg.rf.7f853ec6ad3d908436f0a6959a39a9fd.jpg,13,1,0,14,High
MVI_20065_img00096_jpg.rf.03e5c048e28f77d2b7d9b0e0b9cef816.jpg,12,1,0,13,Medium
MVI_20065_img00096_jpg.rf.1b269f0f296896ffe3d4348c304afa90.jpg,9,1,0,10,Medium
MVI_20065_img00096_jpg.rf.bde235672ab287382178b10fa8ce05d3.jpg,12,2,0,14,High
MVI_20065_img00105_jpg.rf.7133c74eec9da4bc2f571a5161dbe129.jpg,13,1,0,14,High
MVI_20065_img00105_jpg.rf.7fb69f25566f0554f2d48bf4a336ee59.jpg,12,1,0,13,Medium
MVI_20065_img00105_jpg.rf.c62eb3170496e41ad4d118a230d21a86.jpg,14,1,0,15,High
MVI_20065_img00116_jpg.rf.1eaa8bdfe95c772996596d78d21b9cef.jpg,13,1,0,14,High
MVI_20065_img00116_jpg.rf.8fff4f942abcb2c3f49afee86d05efd7.jpg,9,2,0,11,Medium
MVI_20065_img00116_jpg.rf.9d25aa96f093e5e4fafd1b148e8f1f7d.jpg,12,1,0,13,Medium
MVI_20065_img00138_jpg.rf.5b79acd73dbb5de53378999f1d3350ab.jpg,12,2,0,14,High
MVI_20065_img00138_jpg.rf.cc9dca85b70c963912d2a87f0f9e31f1.jpg,13,1,0,14,High
MVI_20065_img00138_jpg.rf.d9a3f6f5b34be633dc8e060046410a93.jpg,13,1,0,14,High
MVI_20065_img00161_jpg.rf.2b624a1bc3a457629dced2777f18fb42.jpg,12,2,0,14,High
MVI_20065_img00161_jpg.rf.8809433538411a567014a2c9d7f1f403.jpg,13,2,0,15,High
MVI_20065_img00161_jpg.rf.a62fe39b806e694b3e997f9fa3de9f30.jpg,12,2,0,14,High
MVI_20065_img00172_jpg.rf.2cc7a944d6474e2d03ca91de4201e415.jpg,14,2,0,16,High
MVI_20065_img00172_jpg.rf.ca1089b7cada13045cc1526c3c7015b9.jpg,12,2,0,14,High
MVI_20065_img00172_jpg.rf.d047c8c3ee5d7bc7ec3655f8ae508c70.jpg,9,2,0,11,Medium
MVI_20065_img00210_jpg.rf.328c9a9441a03ff54c3a671c2283259a.jpg,12,2,0,14,High
MVI_20065_img00210_jpg.rf.727d68dfa1c818b6e3a750a4380aa2c8.jpg,12,2,0,14,High
MVI_20065_img00210_jpg.rf.d39871ee497da4d97934dac27e905311.jpg,12,2,0,14,High
MVI_20065_img00211_jpg.rf.185cc5e52013ebccfe68665817bf95f3.jpg,14,2,0,16,High
MVI_20065_img00211_jpg.rf.2a0224b2efd973bde90adc1a0eb767cc.jpg,12,2,0,14,High
MVI_20065_img00211_jpg.rf.ab51f54d410a4a9e1fd574429a929194.jpg,11,1,0,12,Medium
MVI_20065_img00219_jpg.rf.48982c68185b2b8a5ad2be082a150e0c.jpg,15,2,0,17,High
MVI_20065_img00219_jpg.rf.7cacd3b016ec9b1dfcc7ac028bd6a448.jpg,13,2,0,15,High
MVI_20065_img00219_jpg.rf.eeedd28a7d7f1e933a8dc188b80dc965.jpg,15,2,0,17,High
MVI_20065_img00308_jpg.rf.10d64b919350b54835a30d7b34e2de9d.jpg,17,1,0,18,High
MVI_20065_img00308_jpg.rf.142f188ade56fd262d20615e2e79fdfd.jpg,16,2,0,18,High
MVI_20065_img00308_jpg.rf.8f67f94955e816796f33540fecb5334e.jpg,14,1,0,15,High
MVI_20065_img00407_jpg.rf.195078675078b598130744c50345ce87.jpg,11,1,0,12,Medium
MVI_20065_img00407_jpg.rf.2d6a15723ec29319f120c50a2b403823.jpg,16,0,0,16,High
MVI_20065_img00407_jpg.rf.c42a3ffce8b259cd4679691fb00d75f0.jpg,13,1,0,14,High
MVI_20065_img00408_jpg.rf.943dc68e5cd93359d046f29bb047a6b9.jpg,11,1,1,13,Medium
MVI_20065_img00408_jpg.rf.c4c9f2c450fe15d4bdcd38a53efb5e28.jpg,14,1,1,16,High
MVI_20065_img00408_jpg.rf.e030123772f62133d18d220997d8d474.jpg,14,1,0,15,High
MVI_20065_img00428_jpg.rf.76367d533e35e13253fb10818befbeba.jpg,15,2,0,17,High
MVI_20065_img00428_jpg.rf.bad372974976de091a3c881fa8fac5e3.jpg,16,2,0,18,High
MVI_20065_img00428_jpg.rf.d62940450e46102fd6e210cf27ffd3df.jpg,12,1,0,13,Medium
MVI_20065_img00470_jpg.rf.12337388ed820076781f0b4dbcbc63ef.jpg,20,0,0,20,High
MVI_20065_img00470_jpg.rf.22c27cd2dd7bc2a5d8127e9400dc3f19.jpg,14,0,0,14,High
MVI_20065_img00470_jpg.rf.53a54799f3e85195bce92f43e4078aba.jpg,15,1,0,16,High
MVI_20065_img00516_jpg.rf.1ded508adde88d793596b5b35cba118c.jpg,15,0,0,15,High
MVI_20065_img00516_jpg.rf.1ee43c6df507e4db89eba3bc2f0efc8e.jpg,15,0,0,15,High
MVI_20065_img00516_jpg.rf.26a1f8614a311cbfa56aea64d1978d45.jpg,15,0,0,15,High
MVI_20065_img00529_jpg.rf.3ae5929b026a4c4aaf04afa81ff1f611.jpg,11,1,0,12,Medium
MVI_20065_img00529_jpg.rf.a0b76e4b74892e83ccfba0a02e2e6f4e.jpg,17,0,0,17,High
MVI_20065_img00529_jpg.rf.e1f4583684f51920cba56262d35b1660.jpg,13,1,0,14,High
MVI_20065_img00534_jpg.rf.2b33cfe1b82b6f6558444227ca6a9ec6.jpg,12,2,0,14,High
MVI_20065_img00534_jpg.rf.403b1baf75e6a1290b4357af1efc1f86.jpg,15,1,0,16,High
MVI_20065_img00534_jpg.rf.98a4a66b2797a5d25ae0ea7ed10a0683.jpg,16,0,0,16,High
MVI_20065_img00551_jpg.rf.1596c3d939399ce8b732d34ec67e8433.jpg,10,3,0,13,Medium
MVI_20065_img00551_jpg.rf.a306b3871b0a7af65ad25222c2365498.jpg,15,1,0,16,High
MVI_20065_img00551_jpg.rf.bcda9e636cea6cc47a4a363aa806385c.jpg,14,0,0,14,High
MVI_20065_img00578_jpg.rf.5662879e34acda7b4cea5c3bfa0340f4.jpg,14,1,0,15,High
MVI_20065_img00578_jpg.rf.772384b4500208b9fecbd64ca2fb7bfa.jpg,13,1,0,14,High
MVI_20065_img00578_jpg.rf.ee0ea11a98b5901de1efbc3215645bd9.jpg,11,1,0,12,Medium
MVI_20065_img00649_jpg.rf.4aafd9d95d82b5cfa698cbe1dea4f242.jpg,13,2,0,15,High
MVI_20065_img00649_jpg.rf.a3048ee0e2f30dc8fdf4bfe60843e3a9.jpg,13,4,0,17,High
MVI_20065_img00649_jpg.rf.d6813f31e99a622e5f73f8f339188a12.jpg,16,0,0,16,High
MVI_20065_img00661_jpg.rf.41a2a8f55c11f303963e4951e923ae7d.jpg,16,1,1,18,High
MVI_20065_img00661_jpg.rf.5f97a40bb53968ec56c287618f2dcd3c.jpg,15,1,0,16,High
MVI_20065_img00661_jpg.rf.f815ea9a6e977a8057a207c60b48c652.jpg,18,1,0,19,High
MVI_20065_img00682_jpg.rf.51a41155e25f8e83d83117ed6fdc132a.jpg,19,1,0,20,High
MVI_20065_img00682_jpg.rf.5b7eba8aa903d7a00d0b6a5e16b5d8f7.jpg,16,1,0,17,High
MVI_20065_img00682_jpg.rf.bd101f490527f014d4d0e7195510c991.jpg,16,1,0,17,High
MVI_20065_img00687_jpg.rf.1e4e8afe8152f3d6c6b3ec76cbe2493f.jpg,15,1,0,16,High
MVI_20065_img00687_jpg.rf.8041d8dc570a4a44a1338a7de03342dc.jpg,17,1,0,18,High
MVI_20065_img00687_jpg.rf.e9943062a537c7b19c404c992c522a26.jpg,17,1,0,18,High
MVI_20065_img00777_jpg.rf.1000a12b6778caf83bd1512b1c8e6eb8.jpg,17,1,0,18,High
MVI_20065_img00777_jpg.rf.7566bf7b237a927884ee39aa43c06d7e.jpg,12,1,0,13,Medium
MVI_20065_img00777_jpg.rf.e03edb404b913c07a176fe33fecfc79b.jpg,15,1,0,16,High
MVI_20065_img00812_jpg.rf.15b4d5c5d91c0d7e8d1226cfa50707b2.jpg,11,1,0,12,Medium
MVI_20065_img00812_jpg.rf.e185fc9f367830a88c5316b39b60c00a.jpg,13,2,0,15,High
MVI_20065_img00812_jpg.rf.f0f837ec044840ac5a64a16bdc6ad959.jpg,12,1,0,13,Medium
MVI_20065_img00819_jpg.rf.4002d9ce69714dc9c6685ce74f1c517c.jpg,11,1,0,12,Medium
MVI_20065_img00819_jpg.rf.4376ca2c4c05e16087ace3f9a2a18ae4.jpg,12,2,0,14,High
MVI_20065_img00819_jpg.rf.6aa1b37b9b9b573411687ab7e3fbc195.jpg,10,2,0,12,Medium
MVI_20065_img00879_jpg.rf.06f0a4966c58d83bee8d259ff37aac98.jpg,15,1,0,16,High
MVI_20065_img00879_jpg.rf.6c3cec255a7e9195f62e99d32f66deb9.jpg,12,1,0,13,Medium
MVI_20065_img00879_jpg.rf.c933c110378bc1306ead487afee94460.jpg,11,2,0,13,Medium
MVI_20065_img00916_jpg.rf.7e7aa86467dc7166ec01ac5fa3d6d51e.jpg,12,2,0,14,High
MVI_20065_img00916_jpg.rf.9ac1d91daa358fba21534c8f2dd53601.jpg,13,1,0,14,High
MVI_20065_img00916_jpg.rf.c93134f6d326dccea6a9bbfb28e4741d.jpg,16,1,0,17,High
MVI_20065_img00936_jpg.rf.439c24696c8bd8560c6baf2890c5a1cc.jpg,12,2,0,14,High
MVI_20065_img00936_jpg.rf.70ad06d78236f55c373b9b46a88fa48d.jpg,13,1,0,14,High
MVI_20065_img00936_jpg.rf.e0c3656240a7267cf4ef70ecdcf17912.jpg,15,2,0,17,High
MVI_20065_img00993_jpg.rf.33ac6532472be342e57b6de58d91b6fe.jpg,14,1,0,15,High
MVI_20065_img00993_jpg.rf.53ae1c51df3237db562c4edbfb79a359.jpg,11,1,0,12,Medium
MVI_20065_img00993_jpg.rf.587607bc3a10622f0984d7a06fd4ea9e.jpg,14,1,0,15,High
MVI_20065_img00998_jpg.rf.54c9135f3d5f08c922d887f6148911b1.jpg,14,1,0,15,High
MVI_20065_img00998_jpg.rf.7cd5885b675aad6f581dcf713aea3726.jpg,13,2,0,15,High
MVI_20065_img00998_jpg.rf.a4a5976b0c6f1aa7e4199483e8c96563.jpg,11,2,0,13,Medium
MVI_20065_img01023_jpg.rf.3cfef053c6cbf088843650b5e8afbd26.jpg,14,1,0,15,High
MVI_20065_img01023_jpg.rf.76bf601aa0458eb0fed33e79481233dd.jpg,13,2,0,15,High
MVI_20065_img01023_jpg.rf.f4669d69a102da133911b6bcc22e9d68.jpg,15,2,0,17,High
MVI_20065_img01046_jpg.rf.67eae4210525918aec558f223d64f789.jpg,13,1,0,14,High
MVI_20065_img01046_jpg.rf.91604b7cc37569ae05a0b240249eec05.jpg,14,3,0,17,High
MVI_20065_img01046_jpg.rf.f7aa9730cb76b278daac87243fab7a03.jpg,10,1,0,11,Medium
MVI_20065_img01073_jpg.rf.248f0a94f91c05b7d1af3a633303ff5d.jpg,11,2,0,13,Medium
MVI_20065_img01073_jpg.rf.28b2da3a665929c16509d1ca27461eb6.jpg,10,3,0,13,Medium
MVI_20065_img01073_jpg.rf.fe7a23459fc5db4da116cfa326b66fc7.jpg,11,2,0,13,Medium
MVI_20065_img01084_jpg.rf.429d6784ee4e572511d0a46a9d247115.jpg,12,2,0,14,High
MVI_20065_img01084_jpg.rf.8f6e2fb1ba95e7fb4990022eda1591e7.jpg,9,2,0,11,Medium
MVI_20065_img01084_jpg.rf.c31a8e6bcb58692252e71190b5120f21.jpg,12,2,0,14,High
MVI_20065_img01096_jpg.rf.2ae6214d2d5a38a1ef29cfc363b759a7.jpg,10,1,0,11,Medium
MVI_20065_img01096_jpg.rf.a351276867fbe4024af735077d824ddd.jpg,9,1,0,10,Medium
MVI_20065_img01096_jpg.rf.a5a5b9b94dcb5155d5b89de099b7bd63.jpg,9,2,0,11,Medium
MVI_20065_img01126_jpg.rf.025248a2cb315f4f261bd63a60fe36a9.jpg,3,2,0,5,Low
MVI_20065_img01126_jpg.rf.328166b70af7d700e7b19f7458b42dbc.jpg,9,2,0,11,Medium
MVI_20065_img01126_jpg.rf.af9798c15bd467d867b46b5961a0cc5d.jpg,6,2,1,9,Medium
MVI_20065_img01146_jpg.rf.0ad584f0dda1434a169734f4e6ad8cb3.jpg,8,1,0,9,Medium
MVI_20065_img01146_jpg.rf.9b7ea3a61e8ebba332b74adb46044ebd.jpg,8,2,0,10,Medium
MVI_20065_img01146_jpg.rf.c1041c062a92a62ad9415b97d057f430.jpg,7,2,0,9,Medium
MVI_20065_img01163_jpg.rf.2d85164f157488bf8525ba6b9d246131.jpg,10,1,0,11,Medium
MVI_20065_img01163_jpg.rf.48e1a3fc255bc8e3f5c0af54efaf25be.jpg,10,1,0,11,Medium
MVI_20065_img01163_jpg.rf.64e265846a9efb976e5c5e6771d67ed0.jpg,10,2,0,12,Medium
MVI_20065_img01168_jpg.rf.bda5091a8c97c945d1c8aa5e84bae358.jpg,12,2,0,14,High
MVI_20065_img01168_jpg.rf.c1dd384698f5988b577467f386a29c7a.jpg,12,2,0,14,High
MVI_20065_img01168_jpg.rf.f5846d1ea6e791102e2ae5746f9c38e6.jpg,10,2,0,12,Medium
MVI_20065_img01181_jpg.rf.1c53b5490408592e850c5b3d8157bbdf.jpg,10,2,0,12,Medium
MVI_20065_img01181_jpg.rf.27b29b479910fc5766929b2f63832916.jpg,10,2,0,12,Medium
MVI_20065_img01181_jpg.rf.2abe92051d51173675c6ec82e68ec617.jpg,6,2,0,8,Medium
MVI_20065_img01185_jpg.rf.08418ce4dd0bc23b88d16031c8a2ea94.jpg,11,2,0,13,Medium
MVI_20065_img01185_jpg.rf.aba1470dba4e6c3e9277ae562cd18b02.jpg,7,2,0,9,Medium
MVI_20065_img01185_jpg.rf.be5a43aabba5e12f6f06183e4deb08af.jpg,8,2,0,10,Medium
MVI_20065_img01186_jpg.rf.6d11f972c95484fc6f011b61e25a0740.jpg,9,2,0,11,Medium
MVI_20065_img01186_jpg.rf.9f1a7399c70fbecbbc1ca66fde3e37df.jpg,11,2,0,13,Medium
MVI_20065_img01186_jpg.rf.c61fc0e61f73a5b7a60a1382a56055aa.jpg,10,2,0,12,Medium
MVI_39031_img00030_jpg.rf.6f84760600e575d2a837ca1353490628.jpg,2,0,0,2,Low
MVI_39031_img00030_jpg.rf.ae54d6caa15894062d3f1eed209cccd6.jpg,2,0,0,2,Low
MVI_39031_img00030_jpg.rf.dd429970616d7614519811519ab78aba.jpg,2,0,0,2,Low
MVI_39031_img00036_jpg.rf.5493b17ee4075816d6cef87e46e50e54.jpg,2,0,0,2,Low
MVI_39031_img00036_jpg.rf.6dbbb7764cbd6ca60da03f575b2450ee.jpg,2,0,0,2,Low
MVI_39031_img00036_jpg.rf.a856982ce0a2e90fc54706bb78dd92ae.jpg,2,0,0,2,Low
MVI_39031_img00041_jpg.rf.478ebefe883d43563daf0ab17b37f1b5.jpg,2,0,0,2,Low
MVI_39031_img00041_jpg.rf.58ce221cfb2cfc4c57759a1c9d734462.jpg,2,0,0,2,Low
MVI_39031_img00041_jpg.rf.c30cb172d1905714fed123bc9800d170.jpg,2,0,0,2,Low
MVI_39031_img00060_jpg.rf.0272f835ff2b0216ec543d9796eab886.jpg,2,0,0,2,Low
MVI_39031_img00060_jpg.rf.5237a47648d86cbb75ed839a50e49c38.jpg,2,0,0,2,Low
MVI_39031_img00060_jpg.rf.c209f0613badda32fa53874c1de614e6.jpg,2,0,0,2,Low
MVI_39031_img00077_jpg.rf.4417f666cd4dd7ae56550607c15708aa.jpg,2,0,0,2,Low
MVI_39031_img00077_jpg.rf.ae18d8df51d8fed6b167fde424f9055a.jpg,2,0,0,2,Low
MVI_39031_img00077_jpg.rf.e71b29464e394d63996bb8a6780efae6.jpg,2,0,0,2,Low
MVI_39031_img00087_jpg.rf.0da650a97acb23b426f7a6667da32450.jpg,2,0,0,2,Low
MVI_39031_img00087_jpg.rf.92debdb1a8c70c05e985878128e3f478.jpg,2,0,0,2,Low
MVI_39031_img00087_jpg.rf.cc51253fdb57450d798ab1935f685aa5.jpg,2,0,0,2,Low
MVI_39031_img00138_jpg.rf.30d08cc5257079e89753467a038ad4be.jpg,4,0,0,4,Low
MVI_39031_img00138_jpg.rf.d0e576fdf7e3ee7db0263a627a0ef0cf.jpg,3,0,0,3,Low
MVI_39031_img00138_jpg.rf.dfa0451ce5a85016c8722a4ccda9abd9.jpg,3,0,0,3,Low
MVI_39031_img00160_jpg.rf.0fd665b21dd7cc351895a7c3d14b0c10.jpg,4,0,0,4,Low
MVI_39031_img00160_jpg.rf.8076fcb4e03bdc4b39a7f976f2f7f075.jpg,2,0,0,2,Low
MVI_39031_img00160_jpg.rf.ebe54acfe3a16f1ae2212a7d034f01a2.jpg,3,0,0,3,Low
MVI_39031_img00212_jpg.rf.09aff0af19badd23e86e13b09d771aed.jpg,1,0,0,1,Low
MVI_39031_img00212_jpg.rf.972d573144cad1919a9059ee1b0927a4.jpg,1,0,0,1,Low
MVI_39031_img00212_jpg.rf.efa8de0e42def8baf517342144ac7ada.jpg,1,0,0,1,Low
MVI_39031_img00228_jpg.rf.0a236a9d3ab87c07783d975e1ab254a1.jpg,1,0,0,1,Low
MVI_39031_img00228_jpg.rf.262a241881859592d2950f30b38d6f57.jpg,1,0,0,1,Low
MVI_39031_img00228_jpg.rf.a9dec4ac7892c6385175c87eebc957c4.jpg,1,0,0,1,Low
MVI_39031_img00232_jpg.rf.1c48e9d2aed5f4c30e44a73489e24f3f.jpg,0,1,0,1,Low
MVI_39031_img00232_jpg.rf.8c3ef285d6c30bdcae359dcd46d2971b.jpg,1,0,0,1,Low
MVI_39031_img00232_jpg.rf.d8c8ef81b5f07c939299804af481d3d2.jpg,1,0,0,1,Low
MVI_39031_img00245_jpg.rf.885c37e9f54b9f2460b518973f157c3b.jpg,0,0,0,0,Low
MVI_39031_img00245_jpg.rf.af871bc2fe6dea08ec6bdfa7ede24b9e.jpg,0,0,0,0,Low
MVI_39031_img00245_jpg.rf.e974bc3eb777a3f8b633df0346baf622.jpg,0,0,0,0,Low
MVI_39031_img00257_jpg.rf.076139242f6fe9451e968a776b5a7276.jpg,3,1,0,4,Low
MVI_39031_img00257_jpg.rf.32ed407683da7db6f7ee78ee25498098.jpg,2,0,0,2,Low
MVI_39031_img00257_jpg.rf.3b7d070d6e8145ee1f22cc9106a2401d.jpg,1,0,0,1,Low
MVI_39031_img00266_jpg.rf.120d089b23a6e2e6db3f8cd7a37486a2.jpg,5,0,0,5,Low
MVI_39031_img00266_jpg.rf.8ebb0bba5de5154cfcbdcc8f6a9acee1.jpg,5,0,0,5,Low
MVI_39031_img00266_jpg.rf.fd0d3dec848b8c44e2628081b7de8fe7.jpg,3,0,0,3,Low
MVI_39031_img00279_jpg.rf.1c45c46fc4034111d8deef276c636211.jpg,4,0,0,4,Low
MVI_39031_img00279_jpg.rf.acc25663ebf8593f2bf141a69d9c779b.jpg,4,0,0,4,Low
MVI_39031_img00279_jpg.rf.c0594235cd94091755a7c181a42378dc.jpg,4,0,0,4,Low
MVI_39031_img00317_jpg.rf.17c1f87744a1cba4120f2c8e9fc9b24c.jpg,3,0,0,3,Low
MVI_39031_img00317_jpg.rf.526f7fab09d70b3423f3bd6aff169806.jpg,3,0,0,3,Low
MVI_39031_img00317_jpg.rf.ee0094ba6d3ed669c85d52f9c1e328b5.jpg,3,0,0,3,Low
MVI_39031_img00326_jpg.rf.3cecb5c0369fc94eede8e787a5172271.jpg,6,0,0,6,Low
MVI_39031_img00326_jpg.rf.9edc4cf7f489f76fd2357f240c8fd762.jpg,6,0,0,6,Low
MVI_39031_img00326_jpg.rf.ca0b7b4295852d9d277829390ce791c1.jpg,5,0,0,5,Low
MVI_39031_img00328_jpg.rf.16e59ae33441ede064cf4aef328fb474.jpg,5,0,0,5,Low
MVI_39031_img00328_jpg.rf.6d514798e3e34677674481e8b8380ae1.jpg,4,0,0,4,Low
MVI_39031_img00328_jpg.rf.de537ee94fefaa7bd38165a6552cccf2.jpg,5,0,0,5,Low
MVI_39031_img00357_jpg.rf.641d4a7fbba8d3ce0401b67d8082fdb6.jpg,5,0,0,5,Low
MVI_39031_img00357_jpg.rf.a179b63cc0b26f5acaba9a6fb82b000e.jpg,6,0,0,6,Low
MVI_39031_img00357_jpg.rf.f2dde6d171b7e2d6cb0f846f18793a5a.jpg,5,0,0,5,Low
MVI_39031_img00454_jpg.rf.0259407555df8f9be5be3f1ba4b176ed.jpg,2,3,0,5,Low
MVI_39031_img00454_jpg.rf.c4634ba8276d0fdacccaae23e68cf9cc.jpg,2,0,0,2,Low
MVI_39031_img00454_jpg.rf.c9f3967a6812982e2168aff77022511b.jpg,5,0,0,5,Low
MVI_39031_img00460_jpg.rf.117721568b18af064427209b2d5e46cf.jpg,5,0,0,5,Low
MVI_39031_img00460_jpg.rf.2687824b94516cac8194005d3b6c9679.jpg,4,2,0,6,Low
MVI_39031_img00460_jpg.rf.d5bfc4ff461b045350cd6b5c0245a3ca.jpg,3,0,0,3,Low
MVI_39031_img00464_jpg.rf.0d2cd9b0e4f0276a71b1d18cc89e29a2.jpg,4,0,0,4,Low
MVI_39031_img00464_jpg.rf.5c3df634551eab6fcf92e32bf8e15d5a.jpg,2,0,0,2,Low
MVI_39031_img00464_jpg.rf.69923cad661c19a2f35e669273bb4cad.jpg,3,0,0,3,Low
MVI_39031_img00465_jpg.rf.04604916e50e8bb1a91625b9f5973f67.jpg,5,0,1,6,Low
MVI_39031_img00465_jpg.rf.abf545074d5966b9d16585b137257eac.jpg,4,0,0,4,Low
MVI_39031_img00465_jpg.rf.fc3e54c3b2a49f2cfc2893cdda997d64.jpg,4,0,0,4,Low
MVI_39031_img00488_jpg.rf.50b9f0821ad41019487ee6c0f08f3d0b.jpg,4,2,0,6,Low
MVI_39031_img00488_jpg.rf.64f98567f10248181e562e40f40cf084.jpg,6,0,0,6,Low
MVI_39031_img00488_jpg.rf.d3e64d648d80cfdd93956e47094e2c58.jpg,6,0,0,6,Low
MVI_39031_img00497_jpg.rf.3231f2391895709f5a763d846a113dd6.jpg,7,0,0,7,Low
MVI_39031_img00497_jpg.rf.440334f5b6f88be3654daaf2947e6149.jpg,6,3,0,9,Medium
MVI_39031_img00497_jpg.rf.f9ea1ad84e2d9fbd6968b96feb009747.jpg,5,3,0,8,Medium
MVI_39031_img00512_jpg.rf.11e13e824ea3a634d0e4b51183be64de.jpg,5,1,0,6,Low
MVI_39031_img00512_jpg.rf.c68ed364cc0ad69e6e2729f778587739.jpg,5,2,0,7,Low
MVI_39031_img00512_jpg.rf.d8cc94c531448e360272913f416b5218.jpg,6,2,0,8,Medium
MVI_39031_img00516_jpg.rf.10b2eaf070af3044189f7c0ee0fe7542.jpg,5,1,0,6,Low
MVI_39031_img00516_jpg.rf.48b1c0de54e2e69a286a443768b511eb.jpg,6,0,0,6,Low
MVI_39031_img00516_jpg.rf.ca855c2de993d5473ec27440c7f9edc5.jpg,5,0,0,5,Low
MVI_39031_img00523_jpg.rf.5587163ecfbc2b36a1d30b9b8262dc5c.jpg,5,0,1,6,Low
MVI_39031_img00523_jpg.rf.8cb911665cfd3baeaf58b70a42ec0b1f.jpg,5,0,1,6,Low
MVI_39031_img00523_jpg.rf.c64d89fd609ed42071aa0247539181bb.jpg,6,0,1,7,Low
MVI_39031_img00528_jpg.rf.08c2fb8fe728b7059b3f8535da1dfe52.jpg,4,0,1,5,Low
MVI_39031_img00528_jpg.rf.2fd531d4c411ad03f0a3c043eab0d0d3.jpg,5,0,0,5,Low
MVI_39031_img00528_jpg.rf.c669f91c131ca8eb373dabf46c940912.jpg,4,0,1,5,Low
MVI_39031_img00534_jpg.rf.16d80a005e749ca9f44041542e6b8aa4.jpg,6,0,0,6,Low
MVI_39031_img00534_jpg.rf.7820ea767004d4380404230c569fa4ce.jpg,4,0,0,4,Low
MVI_39031_img00534_jpg.rf.f2fa81d6e4ccc456dfc59137ce9b6aef.jpg,5,0,0,5,Low
MVI_39031_img00543_jpg.rf.02200bb7ebf623205bdf64e70ef575fd.jpg,4,0,0,4,Low
MVI_39031_img00543_jpg.rf.803f521a77e287485c37c126869354af.jpg,5,0,0,5,Low
MVI_39031_img00543_jpg.rf.e7c84276986f3ade474d366289267447.jpg,5,0,0,5,Low
MVI_39031_img00546_jpg.rf.1999991e16bd43c4b334eb7e4c3e434b.jpg,5,0,0,5,Low
MVI_39031_img00546_jpg.rf.6996de8d6a248d37dce9b787f29cec3f.jpg,5,0,0,5,Low
MVI_39031_img00546_jpg.rf.c008c18c259db90dff9ddcac999cc42d.jpg,5,0,0,5,Low
MVI_39031_img00569_jpg.rf.5063e4890a075847b04a5c0d2b449ac1.jpg,3,0,0,3,Low
MVI_39031_img00569_jpg.rf.5c997c447d556f66fe9465e41fa0657e.jpg,4,1,0,5,Low
MVI_39031_img00569_jpg.rf.d3ed56e65e972e58bca1e09af752b5e6.jpg,4,1,0,5,Low
MVI_39031_img00576_jpg.rf.8074aec79680453ef591fdf841c44cb1.jpg,3,1,0,4,Low
MVI_39031_img00576_jpg.rf.9d75f3d9f80baf3f41ed6de1ae640097.jpg,3,1,0,4,Low
MVI_39031_img00576_jpg.rf.e96b629d102036e3f1393af9d487649c.jpg,3,0,0,3,Low
MVI_39031_img00581_jpg.rf.37d89601cd75b2373fda17c8aa357ebd.jpg,4,0,0,4,Low
MVI_39031_img00581_jpg.rf.64466781a6f12203f0c6b599a4f0555e.jpg,3,0,0,3,Low
MVI_39031_img00581_jpg.rf.76c2e436fc427e3790269c1faae2e16b.jpg,3,0,0,3,Low
MVI_39031_img00586_jpg.rf.05313675acb4ba09657bb0735da1f76c.jpg,2,0,0,2,Low
MVI_39031_img00586_jpg.rf.504f17ed43d6c76010de02a96119c972.jpg,3,0,0,3,Low
MVI_39031_img00586_jpg.rf.c5f612934ab1861b2109f5fca01fb3fd.jpg,3,0,0,3,Low
MVI_39031_img00601_jpg.rf.29a53b9e0823adcfaad73cd0b2f14e70.jpg,3,0,0,3,Low
MVI_39031_img00601_jpg.rf.b9f9d94daf4ec22cb75fc669795821bd.jpg,2,0,0,2,Low
MVI_39031_img00601_jpg.rf.fbf2afadaeae1cff2f03e075cf22eeb2.jpg,2,0,0,2,Low
MVI_39031_img00608_jpg.rf.3318e2b56d13107655effd74661aeabb.jpg,2,0,1,3,Low
MVI_39031_img00608_jpg.rf.44311240983d7ba965392b5b14300a6c.jpg,3,0,0,3,Low
MVI_39031_img00608_jpg.rf.f8c9c9790a1724c05f9d4c7c3e5d614e.jpg,3,0,0,3,Low
MVI_39031_img00636_jpg.rf.487bf03a5e94fcd4d52533135ee5c95e.jpg,2,0,0,2,Low
MVI_39031_img00636_jpg.rf.ac378ca6b69670d8bb39c4bf53148a31.jpg,2,0,0,2,Low
MVI_39031_img00636_jpg.rf.d90c7cedeb78b7c38015c3cd4e39fd4a.jpg,0,0,0,0,Low
MVI_39031_img00644_jpg.rf.4cfeb7c0ac5a082e64507bb14a15f29c.jpg,1,0,0,1,Low
MVI_39031_img00644_jpg.rf.7ef1920b6f1d47c76158a3863d92ad92.jpg,1,0,0,1,Low
MVI_39031_img00644_jpg.rf.f2408feb91d5aa47d28dbe68cfdc2a4e.jpg,1,0,0,1,Low
MVI_39031_img00652_jpg.rf.527639abfa1f029910e080b6d4583e2a.jpg,1,0,0,1,Low
MVI_39031_img00652_jpg.rf.6c85e653038eeefc6386a953a80d846a.jpg,1,0,0,1,Low
MVI_39031_img00652_jpg.rf.af32040a851a0c2b440f274396f602ac.jpg,2,0,0,2,Low
MVI_39031_img00654_jpg.rf.241dfc9bcfbe5f99221e920008fe369f.jpg,2,0,0,2,Low
MVI_39031_img00654_jpg.rf.aeb32ad58269efe95bebcd6feb2a55e0.jpg,1,0,0,1,Low
MVI_39031_img00654_jpg.rf.cfdf4c20d60138c7f83089a68784568c.jpg,1,0,0,1,Low
MVI_39031_img00655_jpg.rf.337b3b7a3036d000b7a590b5b164c3a8.jpg,1,0,0,1,Low
MVI_39031_img00655_jpg.rf.9dd45a2cc0e0434b3559dfd58aed04db.jpg,1,0,0,1,Low
MVI_39031_img00655_jpg.rf.bb541ea4c997313a6eb75ae259e55025.jpg,1,0,0,1,Low
MVI_39031_img00656_jpg.rf.2aa802744b06ddc585284adfbb1b3627.jpg,2,0,0,2,Low
MVI_39031_img00656_jpg.rf.4c16edf893efafb1eb2b301dc8257771.jpg,1,0,0,1,Low
MVI_39031_img00656_jpg.rf.85f32e18b55eb370bc4464916d594881.jpg,1,0,0,1,Low
MVI_39031_img00676_jpg.rf.53b370a4e3129041c188602bf92f427c.jpg,1,0,0,1,Low
MVI_39031_img00676_jpg.rf.9c398eb5d39648a5080ddec3ba0883de.jpg,1,0,0,1,Low
MVI_39031_img00676_jpg.rf.d609098c0998c6c3ec1e61f0181ef151.jpg,1,0,0,1,Low
MVI_39031_img00679_jpg.rf.2307be6c597b09ddc1c3b8268db35ba2.jpg,1,0,0,1,Low
MVI_39031_img00679_jpg.rf.4f746a11714c4b0eca721334ed1b5c71.jpg,1,0,0,1,Low
MVI_39031_img00679_jpg.rf.aeeae4f460e4becd5ee1e07e4780d875.jpg,1,0,0,1,Low
MVI_39031_img00689_jpg.rf.154617b3d24c2bdda4a7885d8eb91eca.jpg,1,0,0,1,Low
MVI_39031_img00689_jpg.rf.c2d0421007ab4da89bd2f6d7dde63ae1.jpg,1,0,0,1,Low
MVI_39031_img00689_jpg.rf.e9194e08edee6d97b3c43a104ec77e83.jpg,1,0,0,1,Low
MVI_39031_img00712_jpg.rf.604cfbd86947e46f7f859df32da1e26e.jpg,0,0,0,0,Low
MVI_39031_img00712_jpg.rf.c8f099483ba4ca9d8c744026e2964380.jpg,1,0,0,1,Low
MVI_39031_img00712_jpg.rf.c97551b1e368467a96213680b29e570f.jpg,0,0,0,0,Low
MVI_39031_img00720_jpg.rf.7712ba99a3a52d7c2fc8ce26378801f5.jpg,0,0,0,0,Low
MVI_39031_img00720_jpg.rf.9bcb3aacdfe0bba22b52c891bb11bf0c.jpg,0,0,0,0,Low
MVI_39031_img00720_jpg.rf.a56eb866239747ec12b52448aff51f4f.jpg,0,0,0,0,Low
MVI_39031_img00722_jpg.rf.a957390083dfff582ef2d83ee957efc6.jpg,0,0,0,0,Low
MVI_39031_img00722_jpg.rf.d80734e9da405ba87151cf2627c3975f.jpg,0,0,0,0,Low
MVI_39031_img00722_jpg.rf.f3d7ebe5f31766e8c480f4a5cfa0994c.jpg,0,0,0,0,Low
MVI_39031_img00753_jpg.rf.19b48f660c3f5d30b255b627a3632cfd.jpg,0,0,0,0,Low
MVI_39031_img00753_jpg.rf.6a7b12cb95ecf741322c8abb89661258.jpg,0,0,0,0,Low
MVI_39031_img00753_jpg.rf.f86cb96799bd7039a679477e71ed2377.jpg,0,0,0,0,Low
MVI_39031_img00765_jpg.rf.467d62a28f73d0302ef455579fe32b4d.jpg,1,0,0,1,Low
MVI_39031_img00765_jpg.rf.f0c020814702ce1e7646a45fd565b05e.jpg,0,0,0,0,Low
MVI_39031_img00765_jpg.rf.fec2dcb82c00ba6a45dded80828b665f.jpg,1,0,0,1,Low
MVI_39031_img00788_jpg.rf.79b0793f90fb5df07ec1f5fd46098d8b.jpg,3,0,0,3,Low
MVI_39031_img00788_jpg.rf.bca9fe2fa9520173d6e5848c35a78d8d.jpg,3,0,0,3,Low
MVI_39031_img00788_jpg.rf.bee16044e7bd9a284ed630f60c136f44.jpg,3,0,0,3,Low
MVI_39031_img00792_jpg.rf.652a8cffb4d8fbbc31a15b58a8420e8d.jpg,3,0,0,3,Low
MVI_39031_img00792_jpg.rf.ae565ed5c80f307ad9e42258190092fb.jpg,3,0,0,3,Low
MVI_39031_img00792_jpg.rf.c50bca3c0228e58459e91e7d57a763a7.jpg,3,0,0,3,Low
MVI_39031_img00897_jpg.rf.2c5192e355bc1c7b804b628e321394cb.jpg,2,0,1,3,Low
MVI_39031_img00897_jpg.rf.a4d1a42719a22d5b5a011ebe770718f5.jpg,0,0,1,1,Low
MVI_39031_img00897_jpg.rf.d91073ddad2d6d606c336f6ffa55dffc.jpg,0,0,1,1,Low
MVI_39031_img00900_jpg.rf.64f307f0c95a583d03875cd272c94a9d.jpg,1,0,1,2,Low
MVI_39031_img00900_jpg.rf.be82b2213455166ae7464c0b92f91737.jpg,0,0,1,1,Low
MVI_39031_img00900_jpg.rf.f9d09ec87d641e308344cb2f82a19b9e.jpg,0,0,1,1,Low
MVI_39031_img00917_jpg.rf.1e9e411ac14edf222876a155a7715b33.jpg,0,0,1,1,Low
MVI_39031_img00917_jpg.rf.40ee97f6046484e948f896d6a1b977c6.jpg,0,0,1,1,Low
MVI_39031_img00917_jpg.rf.aeedec4027604515b148988ed78b05e9.jpg,0,0,1,1,Low
MVI_39031_img00920_jpg.rf.29488319244e266850f940bf96fc287c.jpg,0,0,0,0,Low
MVI_39031_img00920_jpg.rf.563f291b8eef87840507a2ae7146635f.jpg,0,0,0,0,Low
MVI_39031_img00920_jpg.rf.7223f31b38164b3c05119baee1a1260c.jpg,0,0,0,0,Low
MVI_39031_img00958_jpg.rf.2b237a790028d05bf8b3a28b2a93c7a8.jpg,1,0,0,1,Low
MVI_39031_img00958_jpg.rf.565ea96eac84287dfd92094e2778ad30.jpg,1,0,0,1,Low
MVI_39031_img00958_jpg.rf.c3765aa9985249457c5d743d35662025.jpg,2,0,0,2,Low
MVI_39031_img01002_jpg.rf.3b8b902dee1abb04feddb594a2b8f8fc.jpg,1,0,0,1,Low
MVI_39031_img01002_jpg.rf.d7a5776f9d9d7b06ed4680406bf51155.jpg,1,0,0,1,Low
MVI_39031_img01002_jpg.rf.ea7df5d289c6729355963b435a181f46.jpg,1,0,0,1,Low
MVI_39031_img01014_jpg.rf.12a5ae9d18983ec74316d91b25828327.jpg,0,0,0,0,Low
MVI_39031_img01014_jpg.rf.2cbb65dd3287096ac7bb50492c455179.jpg,0,0,0,0,Low
MVI_39031_img01014_jpg.rf.4ae9fb294b00e8e9aef9c6546db34f11.jpg,0,0,0,0,Low
MVI_39031_img01072_jpg.rf.0688ea4444f9116a37da2291812387e6.jpg,0,0,0,0,Low
MVI_39031_img01072_jpg.rf.3de1e10e305647690e6f9db81810f95d.jpg,1,0,0,1,Low
MVI_39031_img01072_jpg.rf.8fa11d74b211d9c4611e1b8210363032.jpg,0,0,0,0,Low
MVI_39031_img01077_jpg.rf.4925a80ae88c165fe162e1036c97eec9.jpg,0,0,0,0,Low
MVI_39031_img01077_jpg.rf.540be32a278a6c36aa5b7190c7137906.jpg,1,0,0,1,Low
MVI_39031_img01077_jpg.rf.ae33efb2fe5addd3a55e7a3c663e7035.jpg,1,0,0,1,Low
MVI_39031_img01092_jpg.rf.9c1a203944f0de5e626cce6d4d49c8a4.jpg,0,0,0,0,Low
MVI_39031_img01092_jpg.rf.baa6bb7268112f0bc26494605a4de578.jpg,0,0,0,0,Low
MVI_39031_img01092_jpg.rf.edbee7cccc5d3a7462c853b80253ae64.jpg,0,0,0,0,Low
MVI_39031_img01104_jpg.rf.06936cdd0ec8a12caf9a0e4b0fa3c8ec.jpg,0,0,0,0,Low
MVI_39031_img01104_jpg.rf.74967d8070d65ad82a203695a0d499ec.jpg,0,0,0,0,Low
MVI_39031_img01104_jpg.rf.77afa1e673d99b708ebb7c99f5b12d00.jpg,0,0,1,1,Low
MVI_39031_img01121_jpg.rf.91f57774d774ebd39f81c90903b83b71.jpg,2,0,0,2,Low
MVI_39031_img01121_jpg.rf.9c6cbc8dd8e8d2d16d757ca6771c149e.jpg,0,0,0,0,Low
MVI_39031_img01121_jpg.rf.e4bb2546fb16e251305aefd5cb845845.jpg,0,0,0,0,Low
MVI_39031_img01133_jpg.rf.2d6de8814eb09172e0b6a085ea6c4ff0.jpg,3,0,0,3,Low
MVI_39031_img01133_jpg.rf.4af14e34d356849a9f10750e5ddb500e.jpg,3,0,0,3,Low
MVI_39031_img01133_jpg.rf.e3202af0ebf04e6a3301757b9a2dfeee.jpg,4,0,0,4,Low
MVI_39031_img01172_jpg.rf.9614d675c1479754c2b53b6bc229d42b.jpg,2,0,0,2,Low
MVI_39031_img01172_jpg.rf.9c6ce96453ec3f0abc42ed41e065df61.jpg,3,1,0,4,Low
MVI_39031_img01172_jpg.rf.df104e23a9b05bc10eca855cf3c41888.jpg,3,0,0,3,Low
MVI_39031_img01184_jpg.rf.31ba656136561c60a8ee3df67761e0d6.jpg,3,0,0,3,Low
MVI_39031_img01184_jpg.rf.8246a61fd15f56084ecfe1bf90f5383e.jpg,6,0,0,6,Low
MVI_39031_img01184_jpg.rf.c66f6668237bcd30b3f99b804c2436e1.jpg,5,0,0,5,Low
MVI_39031_img01185_jpg.rf.55f1310f0e28697c3bf90cb8d153b256.jpg,5,0,0,5,Low
MVI_39031_img01185_jpg.rf.656a06a721ad2d1469d8e77d1583cc7b.jpg,5,0,0,5,Low
MVI_39031_img01185_jpg.rf.bf65003bb585cac62ca4c98c06f6f036.jpg,4,0,0,4,Low
MVI_39031_img01187_jpg.rf.212850e8601044d9f0029e712b6c01a4.jpg,5,0,0,5,Low
MVI_39031_img01187_jpg.rf.d0c23a826d11eafa80c888e0a06b9a08.jpg,6,1,0,7,Low
MVI_39031_img01187_jpg.rf.f6012451b59c15b0b8483bbea669cc23.jpg,6,0,0,6,Low
MVI_39031_img01202_jpg.rf.1491cfcfc30959f95816cf816abb5f4f.jpg,6,1,0,7,Low
MVI_39031_img01202_jpg.rf.1b31ac84abdcd564cfd7d543cc717f7c.jpg,3,2,0,5,Low
MVI_39031_img01202_jpg.rf.578ee5b4705559d8524f32d7c00c775a.jpg,3,0,0,3,Low
MVI_39031_img01212_jpg.rf.458110ee31165bf1109fd5ed008c9ef5.jpg,7,1,0,8,Medium
MVI_39031_img01212_jpg.rf.512dca2fb128c61c015ef7d38245b1f6.jpg,6,1,0,7,Low
MVI_39031_img01212_jpg.rf.e165d7e7d410e325e7cea38613e98ecf.jpg,7,1,0,8,Medium
MVI_39031_img01249_jpg.rf.49583445163a61d5cfe2eabcb13f0254.jpg,6,0,0,6,Low
MVI_39031_img01249_jpg.rf.59a64086c5bf0301529f79d0b7eca288.jpg,7,1,0,8,Medium
MVI_39031_img01249_jpg.rf.f856b6d58beb79887c3042957dc69b4b.jpg,6,0,0,6,Low
MVI_39031_img01274_jpg.rf.949a43d94e294a60ab9324c9a35ea315.jpg,6,1,0,7,Low
MVI_39031_img01274_jpg.rf.dcb086482f5e99db1b48d30cbf95d9d0.jpg,6,1,0,7,Low
MVI_39031_img01274_jpg.rf.fd487589ad8f269f3bbd1cca0c953a79.jpg,5,1,0,6,Low
MVI_39031_img01286_jpg.rf.0fa194b7131fc33b98b73e1376b1ffd0.jpg,5,0,0,5,Low
MVI_39031_img01286_jpg.rf.2d084dbb21efacea6fb456fd9daf3e7a.jpg,8,0,0,8,Medium
MVI_39031_img01286_jpg.rf.b628a810b7f5d7a00bfec11cf571837e.jpg,7,0,0,7,Low
MVI_39031_img01293_jpg.rf.031d02cc81d52b375cd02fb4df473918.jpg,5,0,0,5,Low
MVI_39031_img01293_jpg.rf.4394d3dd2ebbbd115a9b3f0f178d2f8e.jpg,6,2,0,8,Medium
MVI_39031_img01293_jpg.rf.86cf8744525667bb33afe179cdf60ca7.jpg,6,0,0,6,Low
MVI_39031_img01312_jpg.rf.15da6ad7dcc63b5cdd22d5c3449795c7.jpg,6,1,0,7,Low
MVI_39031_img01312_jpg.rf.a4d6d12d801c89295f35f5b9c84df695.jpg,7,1,1,9,Medium
MVI_39031_img01312_jpg.rf.e5205c39622ff57fd1390060a46dfedc.jpg,6,0,1,7,Low
MVI_39031_img01328_jpg.rf.049b2c3efbf6360179e0e717c53eabc7.jpg,5,1,0,6,Low
MVI_39031_img01328_jpg.rf.b5274404eaad6475a8346fb586251069.jpg,5,0,0,5,Low
MVI_39031_img01328_jpg.rf.cb7832a7fbe272437cb38511c28b4799.jpg,5,1,0,6,Low
MVI_39031_img01332_jpg.rf.2108033c7465868c4306a38c2c27c284.jpg,5,1,0,6,Low
MVI_39031_img01332_jpg.rf.6c0f35a9a09808123f34debfdd649d69.jpg,5,0,0,5,Low
MVI_39031_img01332_jpg.rf.fc18b4d2916d79e81dabe2718c50714e.jpg,5,0,0,5,Low
MVI_39031_img01351_jpg.rf.0b218966c3d972ae574b8fe313f5677c.jpg,7,0,0,7,Low
MVI_39031_img01351_jpg.rf.11ce4d771888ad6a339b6c7524743f27.jpg,7,0,0,7,Low
MVI_39031_img01351_jpg.rf.9e1a5eba81fffbda17ad941314826406.jpg,7,1,0,8,Medium
MVI_39031_img01390_jpg.rf.539edd13bcacc7560c8f8674c65a53fd.jpg,9,0,0,9,Medium
MVI_39031_img01390_jpg.rf.a80c08878ec230a9fa0391d0f2029928.jpg,9,1,0,10,Medium
MVI_39031_img01390_jpg.rf.c734652c4d71bc6f8fc44acc18be202d.jpg,9,0,0,9,Medium
MVI_39031_img01414_jpg.rf.1c1eaa6d6c70381dbf13ff5efd743e41.jpg,9,0,0,9,Medium
MVI_39031_img01414_jpg.rf.33f90538d7758736f6cd138f81d986dc.jpg,10,1,0,11,Medium
MVI_39031_img01414_jpg.rf.883e68f4c4c00a12ac4bc2e0d95b6e4c.jpg,9,0,0,9,Medium
MVI_39031_img01443_jpg.rf.0b823e59f72018b924389894cad70dc1.jpg,10,0,0,10,Medium
MVI_39031_img01443_jpg.rf.5eee28a96fda27e71e538f454aa6d64c.jpg,9,0,0,9,Medium
MVI_39031_img01443_jpg.rf.ac9556887eecf3b821e650567cec9ec0.jpg,10,0,0,10,Medium
MVI_39031_img01456_jpg.rf.13ec29c7f8542bf52aec01748c0159e4.jpg,12,0,0,12,Medium
MVI_39031_img01456_jpg.rf.44c610805a88b0e9fe5143459d0df94f.jpg,10,0,0,10,Medium
MVI_39031_img01456_jpg.rf.502d20b5636bf22b383b9918066fe408.jpg,11,1,0,12,Medium
MVI_39051_img00031_jpg.rf.000c064183c2c86ffad6b6a719b68cb5.jpg,2,0,0,2,Low
MVI_39051_img00031_jpg.rf.09fee4827f8f0580cd8132f384afa108.jpg,2,0,0,2,Low
